-2.6667,-0.59298,-2.338,-Inf,-0.97748,-1.4255,-1.6523,-Inf,-0.71447,-Inf,-0.96935,-1.8493,-3.8782,-Inf,-Inf,-0.47464,-Inf,-4.0808,-Inf,-4.229,-Inf,-4.8625,-1.2026,-1.8448,-4.0259,-Inf,-4.7279,-0.25177,-4.7085,-Inf,-1.1491,-2.5735,-Inf,-4.5866,-2.8705,-1.052,-1.5393,-Inf,-2.1327,-4.3426,-Inf,-Inf,-Inf,-Inf,-Inf,-Inf,-Inf,-Inf,-Inf,-Inf,-Inf,-Inf,-Inf,-Inf,-Inf,-Inf,-Inf,-Inf,-Inf,-Inf,-Inf,-Inf,-Inf,-Inf,-Inf,-Inf,-Inf,-Inf,-Inf,-Inf,-Inf,-Inf,-Inf,-Inf,-Inf,-Inf,-Inf,-Inf,-Inf,-Inf,-Inf,-Inf,-Inf,-Inf,-Inf,-Inf,-Inf,-Inf,-Inf,-Inf,-Inf,-Inf,-Inf,-Inf,-Inf,-Inf,-Inf,-Inf,-Inf,-Inf
-0.59298,-2.6667,-1.7498,-Inf,-1.0177,-0.83489,-1.0725,-Inf,-1.2015,-Inf,-0.92231,-1.3581,-4.4709,-Inf,-Inf,-0.44015,-Inf,-3.4924,-Inf,-3.6382,-Inf,-4.2716,-0.61156,-1.4216,-3.4338,-4.8239,-4.1356,-0.36964,-4.1179,-Inf,-0.71543,-1.9942,-4.747,-3.9939,-2.2776,-0.4601,-2.1147,-Inf,-1.55,-3.7578,-Inf,-Inf,-Inf,-Inf,-Inf,-Inf,-Inf,-Inf,-Inf,-Inf,-Inf,-Inf,-Inf,-Inf,-Inf,-Inf,-Inf,-Inf,-Inf,-Inf,-Inf,-Inf,-Inf,-Inf,-Inf,-Inf,-Inf,-Inf,-Inf,-Inf,-Inf,-Inf,-Inf,-Inf,-Inf,-Inf,-Inf,-Inf,-Inf,-Inf,-Inf,-Inf,-Inf,-Inf,-4.6702,-Inf,-Inf,-Inf,-Inf,-Inf,-Inf,-Inf,-Inf,-Inf,-Inf,-Inf,-Inf,-Inf,-Inf,-Inf
-2.338,-1.7498,-2.6667,-Inf,-2.4185,-0.91564,-0.8779,-3.8475,-2.8261,-4.016,-2.0535,-1.3382,-Inf,-3.498,-3.8047,-2.0903,-3.5668,-1.8758,-Inf,-1.9829,-Inf,-2.5268,-1.1701,-1.6295,-1.6975,-3.3196,-2.3995,-2.1179,-2.3722,-4.3615,-1.5973,-0.3035,-3.3162,-2.295,-0.58189,-1.2907,-3.8042,-3.9638,-0.63269,-2.1742,-4.9339,-Inf,-Inf,-3.7874,-Inf,-Inf,-Inf,-Inf,-4.9408,-Inf,-Inf,-Inf,-Inf,-Inf,-Inf,-Inf,-Inf,-4.5021,-Inf,-Inf,-Inf,-Inf,-Inf,-Inf,-Inf,-Inf,-Inf,-Inf,-Inf,-Inf,-Inf,-Inf,-Inf,-Inf,-Inf,-Inf,-Inf,-Inf,-Inf,-Inf,-Inf,-Inf,-Inf,-4.4903,-3.0559,-Inf,-Inf,-Inf,-Inf,-Inf,-Inf,-Inf,-Inf,-Inf,-Inf,-Inf,-Inf,-Inf,-Inf,-Inf
-Inf,-Inf,-Inf,-2.6667,-Inf,-Inf,-Inf,-2.2041,-Inf,-2.1665,-Inf,-Inf,-Inf,-2.5788,-2.2496,-Inf,-2.7471,-4.1213,-1.0301,-4.0167,-1.1859,-3.811,-Inf,-Inf,-4.4235,-2.7599,-3.8208,-Inf,-3.9436,-1.6609,-Inf,-Inf,-2.8929,-3.7639,-Inf,-Inf,-Inf,-2.8279,-Inf,-3.8322,-4.8795,-Inf,-Inf,-Inf,-Inf,-Inf,-Inf,-Inf,-Inf,-1.8033,-Inf,-Inf,-Inf,-Inf,-Inf,-Inf,-Inf,-Inf,-Inf,-Inf,-Inf,-Inf,-Inf,-Inf,-Inf,-Inf,-Inf,-Inf,-Inf,-Inf,-Inf,-Inf,-Inf,-Inf,-Inf,-Inf,-Inf,-Inf,-Inf,-Inf,-Inf,-3.5174,-3.6445,-Inf,-Inf,-Inf,-Inf,-Inf,-Inf,-Inf,-Inf,-Inf,-Inf,-4.8834,-Inf,-Inf,-Inf,-Inf,-Inf,-Inf
-0.97748,-1.0177,-2.4185,-Inf,-2.6667,-1.5886,-1.5529,-Inf,-1.6365,-Inf,-1.8512,-1.3976,-4.245,-Inf,-Inf,-0.60998,-Inf,-3.856,-Inf,-4.034,-Inf,-4.8075,-1.3112,-1.2456,-3.9649,-Inf,-4.6437,-0.8593,-4.6613,-Inf,-0.82613,-2.7091,-4.8712,-4.4314,-2.8269,-1.2889,-2.1974,-Inf,-1.9753,-4.0721,-Inf,-Inf,-Inf,-Inf,-Inf,-Inf,-Inf,-Inf,-Inf,-Inf,-Inf,-Inf,-Inf,-Inf,-Inf,-Inf,-Inf,-Inf,-Inf,-Inf,-Inf,-Inf,-Inf,-Inf,-Inf,-Inf,-Inf,-Inf,-Inf,-Inf,-Inf,-Inf,-Inf,-Inf,-Inf,-Inf,-Inf,-Inf,-Inf,-Inf,-Inf,-Inf,-Inf,-Inf,-Inf,-Inf,-Inf,-Inf,-Inf,-Inf,-Inf,-Inf,-Inf,-Inf,-Inf,-Inf,-Inf,-Inf,-Inf,-Inf
-1.4255,-0.83489,-0.91564,-Inf,-1.5886,-2.6667,-0.42966,-4.6951,-1.9582,-4.8851,-1.3186,-1.0022,-Inf,-4.3579,-4.6537,-1.186,-4.4587,-2.6919,-Inf,-2.8271,-Inf,-3.4372,-0.27824,-1.224,-2.6007,-4.0697,-3.303,-1.2023,-3.2833,-Inf,-0.82986,-1.1707,-4.0194,-3.1712,-1.4484,-0.37515,-2.918,-4.8734,-0.8103,-2.9694,-Inf,-Inf,-Inf,-4.5706,-Inf,-Inf,-Inf,-Inf,-Inf,-Inf,-Inf,-Inf,-Inf,-Inf,-Inf,-Inf,-Inf,-Inf,-Inf,-Inf,-Inf,-Inf,-Inf,-Inf,-Inf,-Inf,-Inf,-Inf,-Inf,-Inf,-Inf,-Inf,-Inf,-Inf,-Inf,-Inf,-Inf,-Inf,-Inf,-Inf,-Inf,-Inf,-Inf,-Inf,-3.8951,-Inf,-Inf,-Inf,-Inf,-Inf,-Inf,-Inf,-Inf,-Inf,-Inf,-Inf,-Inf,-Inf,-Inf,-Inf
-1.6523,-1.0725,-0.8779,-Inf,-1.5529,-0.42966,-2.6667,-4.439,-2.2643,-4.6503,-1.7199,-0.60483,-Inf,-4.1161,-4.3992,-1.3075,-4.2577,-2.4327,-Inf,-2.5876,-Inf,-3.2861,-0.47618,-0.86291,-2.4409,-3.7518,-3.1338,-1.4065,-3.1362,-4.8415,-0.72691,-1.1779,-3.6797,-2.9594,-1.2858,-0.6605,-3.1861,-4.7104,-0.48085,-2.6906,-Inf,-Inf,-Inf,-4.6599,-Inf,-Inf,-Inf,-Inf,-Inf,-Inf,-Inf,-Inf,-Inf,-Inf,-Inf,-Inf,-Inf,-Inf,-Inf,-Inf,-Inf,-Inf,-Inf,-Inf,-Inf,-Inf,-Inf,-Inf,-Inf,-Inf,-Inf,-Inf,-Inf,-Inf,-Inf,-Inf,-Inf,-Inf,-Inf,-Inf,-Inf,-Inf,-Inf,-Inf,-3.9337,-Inf,-Inf,-Inf,-Inf,-Inf,-Inf,-Inf,-Inf,-Inf,-Inf,-Inf,-Inf,-Inf,-Inf,-Inf
-Inf,-Inf,-3.8475,-2.2041,-Inf,-4.6951,-4.439,-2.6667,-Inf,-0.34513,-Inf,-4.4247,-Inf,-0.37554,-0.045552,-Inf,-0.70711,-2.0075,-1.2621,-1.8694,-1.5406,-1.626,-4.8884,-4.6026,-2.2263,-1.0512,-1.6193,-Inf,-1.75,-0.83797,-Inf,-3.7164,-1.348,-1.572,-3.2688,-Inf,-Inf,-1.1852,-3.9583,-1.7559,-3.5754,-Inf,-Inf,-3.777,-Inf,-Inf,-Inf,-Inf,-Inf,-3.2064,-Inf,-Inf,-Inf,-Inf,-Inf,-Inf,-Inf,-Inf,-Inf,-Inf,-Inf,-4.7226,-Inf,-Inf,-Inf,-Inf,-Inf,-Inf,-Inf,-Inf,-Inf,-Inf,-Inf,-Inf,-Inf,-Inf,-Inf,-Inf,-Inf,-Inf,-Inf,-2.942,-3.5435,-Inf,-3.0821,-Inf,-Inf,-Inf,-Inf,-Inf,-4.9275,-Inf,-Inf,-3.7387,-Inf,-Inf,-Inf,-Inf,-Inf,-Inf
-0.71447,-1.2015,-2.8261,-Inf,-1.6365,-1.9582,-2.2643,-Inf,-2.6667,-Inf,-0.94011,-2.538,-3.4078,-Inf,-Inf,-1.1891,-Inf,-4.6501,-Inf,-4.783,-Inf,-Inf,-1.7907,-2.5528,-4.5214,-Inf,-Inf,-0.94798,-Inf,-Inf,-1.8484,-3.0184,-Inf,-Inf,-3.3918,-1.6137,-0.98963,-Inf,-2.7338,-4.9265,-Inf,-Inf,-Inf,-Inf,-Inf,-Inf,-Inf,-Inf,-Inf,-Inf,-Inf,-Inf,-Inf,-Inf,-Inf,-Inf,-Inf,-Inf,-Inf,-Inf,-Inf,-Inf,-Inf,-Inf,-Inf,-Inf,-Inf,-Inf,-Inf,-Inf,-Inf,-Inf,-Inf,-Inf,-Inf,-Inf,-Inf,-Inf,-Inf,-Inf,-Inf,-Inf,-Inf,-Inf,-Inf,-Inf,-Inf,-Inf,-Inf,-Inf,-Inf,-Inf,-Inf,-Inf,-Inf,-Inf,-Inf,-Inf,-Inf,-Inf
-Inf,-Inf,-4.016,-2.1665,-Inf,-4.8851,-4.6503,-0.34513,-Inf,-2.6667,-Inf,-4.6704,-Inf,-0.53833,-0.35367,-Inf,-0.5843,-2.2214,-1.1587,-2.0635,-1.3363,-1.6572,-Inf,-4.8597,-2.3512,-1.3922,-1.6932,-Inf,-1.7975,-1.0536,-Inf,-3.8636,-1.6918,-1.7211,-3.4442,-Inf,-Inf,-0.90345,-4.1712,-1.9958,-3.2941,-Inf,-Inf,-3.603,-Inf,-Inf,-Inf,-Inf,-4.8765,-2.9795,-Inf,-Inf,-Inf,-Inf,-Inf,-Inf,-Inf,-4.9944,-Inf,-Inf,-Inf,-4.4482,-4.759,-Inf,-Inf,-Inf,-Inf,-Inf,-Inf,-Inf,-Inf,-Inf,-Inf,-Inf,-Inf,-Inf,-Inf,-Inf,-Inf,-Inf,-Inf,-2.5988,-3.1996,-Inf,-2.9593,-Inf,-Inf,-Inf,-Inf,-Inf,-4.6044,-Inf,-Inf,-3.4391,-Inf,-Inf,-Inf,-Inf,-Inf,-Inf
-0.96935,-0.92231,-2.0535,-Inf,-1.8512,-1.3186,-1.7199,-Inf,-0.94011,-Inf,-2.6667,-2.1757,-4.3156,-Inf,-Inf,-1.244,-Inf,-3.9262,-Inf,-4.0364,-Inf,-4.5049,-1.2724,-2.2959,-3.7129,-Inf,-4.4036,-0.99582,-4.3495,-Inf,-1.6164,-2.1955,-Inf,-4.3374,-2.6351,-1.0908,-1.9042,-Inf,-2.1272,-4.2195,-Inf,-Inf,-Inf,-Inf,-Inf,-Inf,-Inf,-Inf,-Inf,-Inf,-Inf,-Inf,-Inf,-Inf,-Inf,-Inf,-Inf,-Inf,-Inf,-Inf,-Inf,-Inf,-Inf,-Inf,-Inf,-Inf,-Inf,-Inf,-Inf,-Inf,-Inf,-Inf,-Inf,-Inf,-Inf,-Inf,-Inf,-Inf,-Inf,-Inf,-Inf,-Inf,-Inf,-4.9983,-4.5571,-Inf,-Inf,-Inf,-Inf,-Inf,-Inf,-Inf,-Inf,-Inf,-Inf,-Inf,-Inf,-Inf,-Inf,-Inf
-1.8493,-1.3581,-1.3382,-Inf,-1.3976,-1.0022,-0.60483,-4.4247,-2.538,-4.6704,-2.1757,-2.6667,-Inf,-4.1321,-4.3883,-1.4075,-4.3395,-2.465,-Inf,-2.6481,-Inf,-3.4628,-0.91719,-0.29148,-2.6329,-3.6272,-3.2882,-1.5999,-3.3225,-4.7279,-0.70467,-1.6373,-3.5076,-3.0528,-1.5605,-1.0886,-3.3699,-4.8444,-0.72871,-2.6749,-Inf,-Inf,-Inf,-Inf,-Inf,-Inf,-Inf,-Inf,-Inf,-Inf,-Inf,-Inf,-Inf,-Inf,-Inf,-Inf,-Inf,-Inf,-Inf,-Inf,-Inf,-Inf,-Inf,-Inf,-Inf,-Inf,-Inf,-Inf,-Inf,-Inf,-Inf,-Inf,-Inf,-Inf,-Inf,-Inf,-Inf,-Inf,-Inf,-Inf,-Inf,-Inf,-Inf,-Inf,-4.3279,-Inf,-Inf,-Inf,-Inf,-Inf,-Inf,-Inf,-Inf,-Inf,-Inf,-Inf,-Inf,-Inf,-Inf,-Inf
-3.8782,-4.4709,-Inf,-Inf,-4.245,-Inf,-Inf,-Inf,-3.4078,-Inf,-4.3156,-Inf,-2.6667,-Inf,-Inf,-4.2264,-Inf,-Inf,-Inf,-Inf,-Inf,-Inf,-Inf,-Inf,-Inf,-Inf,-Inf,-4.1168,-Inf,-Inf,-4.9095,-Inf,-Inf,-Inf,-Inf,-4.928,-2.4188,-Inf,-Inf,-Inf,-Inf,-Inf,-Inf,-Inf,-Inf,-Inf,-Inf,-Inf,-Inf,-Inf,-Inf,-Inf,-Inf,-Inf,-Inf,-Inf,-Inf,-Inf,-Inf,-Inf,-Inf,-Inf,-Inf,-Inf,-Inf,-Inf,-Inf,-Inf,-Inf,-Inf,-Inf,-Inf,-Inf,-Inf,-Inf,-Inf,-Inf,-Inf,-Inf,-Inf,-Inf,-Inf,-Inf,-Inf,-Inf,-Inf,-Inf,-Inf,-Inf,-Inf,-Inf,-Inf,-Inf,-Inf,-Inf,-Inf,-Inf,-Inf,-Inf,-Inf
-Inf,-Inf,-3.498,-2.5788,-Inf,-4.3579,-4.1161,-0.37554,-Inf,-0.53833,-Inf,-4.1321,-Inf,-2.6667,-0.32999,-Inf,-0.49166,-1.6851,-1.6225,-1.532,-1.8605,-1.2545,-4.5586,-4.3225,-1.8584,-1.0092,-1.2438,-Inf,-1.3758,-1.1615,-4.7618,-3.3576,-1.3194,-1.2099,-2.9224,-4.7188,-Inf,-1.0909,-3.6365,-1.4577,-3.4201,-Inf,-Inf,-3.4937,-Inf,-Inf,-Inf,-Inf,-4.8257,-3.5139,-Inf,-Inf,-Inf,-Inf,-Inf,-Inf,-Inf,-4.869,-Inf,-Inf,-Inf,-4.5495,-Inf,-Inf,-Inf,-Inf,-Inf,-Inf,-Inf,-Inf,-Inf,-Inf,-Inf,-Inf,-Inf,-Inf,-Inf,-Inf,-Inf,-Inf,-Inf,-2.9716,-3.635,-Inf,-2.7649,-Inf,-Inf,-Inf,-Inf,-Inf,-4.8548,-Inf,-Inf,-3.6157,-Inf,-Inf,-Inf,-Inf,-Inf,-Inf
-Inf,-Inf,-3.8047,-2.2496,-Inf,-4.6537,-4.3992,-0.045552,-Inf,-0.35367,-Inf,-4.3883,-Inf,-0.32999,-2.6667,-Inf,-0.67384,-1.9672,-1.3055,-1.8275,-1.5784,-1.5809,-4.8478,-4.5676,-2.1814,-1.0385,-1.5738,-Inf,-1.7046,-0.87475,-Inf,-3.6726,-1.3386,-1.5276,-3.2263,-Inf,-Inf,-1.1682,-3.9185,-1.7179,-3.5552,-Inf,-Inf,-3.742,-Inf,-Inf,-Inf,-Inf,-Inf,-3.2432,-Inf,-Inf,-Inf,-Inf,-Inf,-Inf,-Inf,-Inf,-Inf,-Inf,-Inf,-4.7007,-Inf,-Inf,-Inf,-Inf,-Inf,-Inf,-Inf,-Inf,-Inf,-Inf,-Inf,-Inf,-Inf,-Inf,-Inf,-Inf,-Inf,-Inf,-Inf,-2.9435,-3.553,-Inf,-3.0432,-Inf,-Inf,-Inf,-Inf,-Inf,-4.9176,-Inf,-Inf,-3.7224,-Inf,-Inf,-Inf,-Inf,-Inf,-Inf
-0.47464,-0.44015,-2.0903,-Inf,-0.60998,-1.186,-1.3075,-Inf,-1.1891,-Inf,-1.244,-1.4075,-4.2264,-Inf,-Inf,-2.6667,-Inf,-3.7329,-Inf,-3.8926,-Inf,-4.583,-0.92034,-1.3789,-3.739,-Inf,-4.4361,-0.27142,-4.4314,-Inf,-0.70308,-2.3559,-4.8994,-4.2668,-2.5788,-0.82584,-1.9626,-Inf,-1.783,-3.9808,-Inf,-Inf,-Inf,-Inf,-Inf,-Inf,-Inf,-Inf,-Inf,-Inf,-Inf,-Inf,-Inf,-Inf,-Inf,-Inf,-Inf,-Inf,-Inf,-Inf,-Inf,-Inf,-Inf,-Inf,-Inf,-Inf,-Inf,-Inf,-Inf,-Inf,-Inf,-Inf,-Inf,-Inf,-Inf,-Inf,-Inf,-Inf,-Inf,-Inf,-Inf,-Inf,-Inf,-Inf,-Inf,-Inf,-Inf,-Inf,-Inf,-Inf,-Inf,-Inf,-Inf,-Inf,-Inf,-Inf,-Inf,-Inf,-Inf,-Inf
-Inf,-Inf,-3.5668,-2.7471,-Inf,-4.4587,-4.2577,-0.70711,-Inf,-0.5843,-Inf,-4.3395,-Inf,-0.49166,-0.67384,-Inf,-2.6667,-1.8768,-1.7296,-1.6917,-1.8406,-1.1107,-4.6787,-4.5513,-1.8735,-1.4904,-1.1821,-Inf,-1.2596,-1.5438,-4.9345,-3.3897,-1.7992,-1.2989,-3.0103,-4.8284,-Inf,-0.62298,-3.7855,-1.7122,-2.9292,-Inf,-Inf,-3.0704,-Inf,-4.7882,-Inf,-Inf,-4.3784,-3.4222,-Inf,-Inf,-4.8583,-Inf,-4.6406,-Inf,-Inf,-4.457,-Inf,-Inf,-Inf,-4.0618,-4.6651,-Inf,-Inf,-Inf,-Inf,-Inf,-Inf,-Inf,-Inf,-Inf,-Inf,-Inf,-4.8854,-Inf,-Inf,-Inf,-Inf,-Inf,-Inf,-2.5418,-3.2474,-4.9393,-2.3912,-Inf,-Inf,-Inf,-Inf,-4.9889,-4.3706,-Inf,-Inf,-3.1244,-Inf,-Inf,-Inf,-Inf,-Inf,-Inf
-4.0808,-3.4924,-1.8758,-4.1213,-3.856,-2.6919,-2.4327,-2.0075,-4.6501,-2.2214,-3.9262,-2.465,-Inf,-1.6851,-1.9672,-3.7329,-1.8768,-2.6667,-3.2591,-0.2075,-3.5414,-1.1626,-2.881,-2.6746,-0.67567,-1.4717,-0.95706,-3.8378,-1.0707,-2.4864,-3.079,-1.797,-1.5305,-0.62479,-1.2948,-3.0457,-Inf,-2.4085,-1.9524,-0.31099,-4.1236,-Inf,-Inf,-3.5203,-Inf,-Inf,-Inf,-Inf,-4.8898,-Inf,-Inf,-Inf,-Inf,-Inf,-Inf,-Inf,-Inf,-4.6924,-Inf,-Inf,-Inf,-Inf,-Inf,-Inf,-Inf,-Inf,-Inf,-Inf,-Inf,-Inf,-Inf,-Inf,-Inf,-Inf,-Inf,-Inf,-Inf,-Inf,-Inf,-Inf,-Inf,-4.2877,-Inf,-4.9486,-2.6547,-Inf,-Inf,-Inf,-Inf,-Inf,-Inf,-Inf,-Inf,-4.4274,-Inf,-Inf,-Inf,-Inf,-Inf,-Inf
-Inf,-Inf,-Inf,-1.0301,-Inf,-Inf,-Inf,-1.2621,-Inf,-1.1587,-Inf,-Inf,-Inf,-1.6225,-1.3055,-Inf,-1.7296,-3.2591,-2.6667,-3.1287,-0.48917,-2.8155,-Inf,-Inf,-3.4806,-2.0566,-2.844,-Inf,-2.9545,-1.0405,-Inf,-4.9778,-2.2711,-2.8313,-4.5297,-Inf,-Inf,-1.8056,-Inf,-2.9927,-3.9672,-Inf,-Inf,-4.5782,-Inf,-Inf,-Inf,-Inf,-Inf,-2.048,-Inf,-Inf,-Inf,-Inf,-Inf,-Inf,-Inf,-Inf,-Inf,-Inf,-Inf,-Inf,-4.8522,-Inf,-Inf,-Inf,-Inf,-Inf,-Inf,-Inf,-Inf,-Inf,-Inf,-Inf,-Inf,-Inf,-Inf,-Inf,-Inf,-Inf,-Inf,-2.7895,-3.1175,-Inf,-4.0249,-Inf,-Inf,-Inf,-Inf,-Inf,-4.9743,-Inf,-Inf,-4.0152,-Inf,-Inf,-Inf,-Inf,-Inf,-Inf
-4.229,-3.6382,-1.9829,-4.0167,-4.034,-2.8271,-2.5876,-1.8694,-4.783,-2.0635,-4.0364,-2.6481,-Inf,-1.532,-1.8275,-3.8926,-1.6917,-0.2075,-3.1287,-2.6667,-3.3924,-0.95755,-3.0268,-2.8645,-0.57844,-1.4375,-0.75141,-3.9884,-0.87137,-2.4018,-3.2484,-1.8756,-1.538,-0.41961,-1.402,-3.1869,-Inf,-2.2105,-2.1095,-0.34033,-3.9227,-Inf,-Inf,-3.3529,-Inf,-Inf,-Inf,-Inf,-4.7276,-Inf,-Inf,-Inf,-Inf,-Inf,-Inf,-Inf,-Inf,-4.5502,-Inf,-Inf,-Inf,-4.891,-Inf,-Inf,-Inf,-Inf,-Inf,-Inf,-Inf,-Inf,-Inf,-Inf,-Inf,-Inf,-Inf,-Inf,-Inf,-Inf,-Inf,-Inf,-Inf,-4.0829,-4.8545,-4.8277,-2.4886,-Inf,-Inf,-Inf,-Inf,-Inf,-Inf,-Inf,-Inf,-4.224,-Inf,-Inf,-Inf,-Inf,-Inf,-Inf
-Inf,-Inf,-Inf,-1.1859,-Inf,-Inf,-Inf,-1.5406,-Inf,-1.3363,-Inf,-Inf,-Inf,-1.8605,-1.5784,-Inf,-1.8406,-3.5414,-0.48917,-3.3924,-2.6667,-2.9513,-Inf,-Inf,-3.6838,-2.4547,-3.012,-Inf,-3.0995,-1.5037,-Inf,-Inf,-2.6931,-3.0574,-4.7796,-Inf,-Inf,-1.7457,-Inf,-3.2962,-3.6937,-Inf,-Inf,-4.45,-Inf,-Inf,-Inf,-Inf,-Inf,-1.6673,-Inf,-Inf,-Inf,-Inf,-Inf,-Inf,-Inf,-Inf,-Inf,-Inf,-Inf,-4.822,-4.4019,-Inf,-Inf,-Inf,-Inf,-Inf,-Inf,-Inf,-Inf,-Inf,-Inf,-Inf,-Inf,-Inf,-Inf,-Inf,-Inf,-Inf,-Inf,-2.3881,-2.6533,-Inf,-3.9755,-Inf,-Inf,-Inf,-Inf,-Inf,-4.5845,-Inf,-Inf,-3.7033,-Inf,-Inf,-Inf,-Inf,-Inf,-Inf
-4.8625,-4.2716,-2.5268,-3.811,-4.8075,-3.4372,-3.2861,-1.626,-Inf,-1.6572,-4.5049,-3.4628,-Inf,-1.2545,-1.5809,-4.583,-1.1107,-1.1626,-2.8155,-0.95755,-2.9513,-2.6667,-3.675,-3.7064,-0.84524,-1.7874,-0.20688,-4.637,-0.15564,-2.3932,-3.993,-2.3216,-2.0202,-0.58245,-2.0042,-3.8115,-Inf,-1.437,-2.8342,-1.1896,-2.97,-Inf,-Inf,-2.5416,-Inf,-4.4752,-Inf,-Inf,-3.9235,-4.5147,-Inf,-Inf,-4.4666,-Inf,-4.2748,-Inf,-Inf,-3.8395,-Inf,-Inf,-Inf,-3.9655,-Inf,-Inf,-Inf,-Inf,-Inf,-Inf,-Inf,-Inf,-Inf,-Inf,-4.8238,-Inf,-4.8968,-Inf,-Inf,-Inf,-Inf,-Inf,-Inf,-3.1953,-3.9943,-4.213,-1.7084,-4.958,-Inf,-Inf,-Inf,-4.4229,-4.6099,-Inf,-Inf,-3.2671,-Inf,-Inf,-4.831,-Inf,-Inf,-Inf
-1.2026,-0.61156,-1.1701,-Inf,-1.3112,-0.27824,-0.47618,-4.8884,-1.7907,-Inf,-1.2724,-0.91719,-Inf,-4.5586,-4.8478,-0.92034,-4.6787,-2.881,-Inf,-3.0268,-Inf,-3.675,-2.6667,-1.087,-2.8337,-4.2226,-3.5341,-0.96603,-3.5222,-Inf,-0.57737,-1.4378,-4.1546,-3.3847,-1.6742,-0.18676,-2.7242,-Inf,-0.94383,-3.1477,-Inf,-Inf,-Inf,-4.8489,-Inf,-Inf,-Inf,-Inf,-Inf,-Inf,-Inf,-Inf,-Inf,-Inf,-Inf,-Inf,-Inf,-Inf,-Inf,-Inf,-Inf,-Inf,-Inf,-Inf,-Inf,-Inf,-Inf,-Inf,-Inf,-Inf,-Inf,-Inf,-Inf,-Inf,-Inf,-Inf,-Inf,-Inf,-Inf,-Inf,-Inf,-Inf,-Inf,-Inf,-4.1717,-Inf,-Inf,-Inf,-Inf,-Inf,-Inf,-Inf,-Inf,-Inf,-Inf,-Inf,-Inf,-Inf,-Inf,-Inf
-1.8448,-1.4216,-1.6295,-Inf,-1.2456,-1.224,-0.86291,-4.6026,-2.5528,-4.8597,-2.2959,-0.29148,-Inf,-4.3225,-4.5676,-1.3789,-4.5513,-2.6746,-Inf,-2.8645,-Inf,-3.7064,-1.087,-2.6667,-2.8852,-3.7655,-3.5268,-1.6048,-3.5693,-4.8642,-0.71185,-1.9288,-3.6256,-3.2755,-1.8386,-1.2373,-3.3272,-Inf,-1.0184,-2.8657,-Inf,-Inf,-Inf,-Inf,-Inf,-Inf,-Inf,-Inf,-Inf,-Inf,-Inf,-Inf,-Inf,-Inf,-Inf,-Inf,-Inf,-Inf,-Inf,-Inf,-Inf,-Inf,-Inf,-Inf,-Inf,-Inf,-Inf,-Inf,-Inf,-Inf,-Inf,-Inf,-Inf,-Inf,-Inf,-Inf,-Inf,-Inf,-Inf,-Inf,-Inf,-Inf,-Inf,-Inf,-4.6127,-Inf,-Inf,-Inf,-Inf,-Inf,-Inf,-Inf,-Inf,-Inf,-Inf,-Inf,-Inf,-Inf,-Inf,-Inf
-4.0259,-3.4338,-1.6975,-4.4235,-3.9649,-2.6007,-2.4409,-2.2263,-4.5214,-2.3512,-3.7129,-2.6329,-Inf,-1.8584,-2.1814,-3.739,-1.8735,-0.67567,-3.4806,-0.57844,-3.6838,-0.84524,-2.8337,-2.8852,-2.6667,-1.9782,-0.70247,-3.7976,-0.69662,-2.8635,-3.1486,-1.5174,-2.1052,-0.66117,-1.1605,-2.974,-Inf,-2.275,-1.9904,-0.91721,-3.6309,-Inf,-Inf,-2.8887,-Inf,-4.8811,-Inf,-Inf,-4.2447,-Inf,-Inf,-Inf,-4.8161,-Inf,-4.6497,-Inf,-Inf,-4.0247,-Inf,-Inf,-Inf,-4.5216,-Inf,-Inf,-Inf,-Inf,-Inf,-Inf,-Inf,-Inf,-Inf,-Inf,-4.9364,-Inf,-Inf,-Inf,-Inf,-Inf,-Inf,-Inf,-Inf,-4.0265,-4.8331,-4.273,-2.0252,-Inf,-Inf,-Inf,-Inf,-4.6319,-Inf,-Inf,-Inf,-3.959,-Inf,-Inf,-Inf,-Inf,-Inf,-Inf
-Inf,-4.8239,-3.3196,-2.7599,-Inf,-4.0697,-3.7518,-1.0512,-Inf,-1.3922,-Inf,-3.6272,-Inf,-1.0092,-1.0385,-Inf,-1.4904,-1.4717,-2.0566,-1.4375,-2.4547,-1.7874,-4.2226,-3.7655,-1.9782,-2.6667,-1.6591,-Inf,-1.8357,-1.1007,-4.3095,-3.2646,-0.31034,-1.3829,-2.7466,-4.3996,-Inf,-2.1,-3.2792,-1.1611,-4.3931,-Inf,-Inf,-4.2888,-Inf,-Inf,-Inf,-Inf,-Inf,-4.1008,-Inf,-Inf,-Inf,-Inf,-Inf,-Inf,-Inf,-Inf,-Inf,-Inf,-Inf,-Inf,-Inf,-Inf,-Inf,-Inf,-Inf,-Inf,-Inf,-Inf,-Inf,-Inf,-Inf,-Inf,-Inf,-Inf,-Inf,-Inf,-Inf,-Inf,-Inf,-3.9636,-4.5909,-Inf,-3.4841,-Inf,-Inf,-Inf,-Inf,-Inf,-Inf,-Inf,-Inf,-4.607,-Inf,-Inf,-Inf,-Inf,-Inf,-Inf
-4.7279,-4.1356,-2.3995,-3.8208,-4.6437,-3.303,-3.1338,-1.6193,-Inf,-1.6932,-4.4036,-3.2882,-Inf,-1.2438,-1.5738,-4.4361,-1.1821,-0.95706,-2.844,-0.75141,-3.012,-0.20688,-3.5341,-3.5268,-0.70247,-1.6591,-2.6667,-4.4988,-0.17791,-2.3471,-3.8337,-2.2108,-1.8738,-0.38059,-1.8599,-3.6759,-Inf,-1.5767,-2.6749,-0.9859,-3.1767,-Inf,-Inf,-2.7172,-Inf,-4.6637,-Inf,-Inf,-4.1,-4.6036,-Inf,-Inf,-4.6479,-Inf,-4.4591,-Inf,-Inf,-3.9947,-Inf,-Inf,-Inf,-4.1679,-Inf,-Inf,-Inf,-Inf,-Inf,-Inf,-Inf,-Inf,-Inf,-Inf,-4.9691,-Inf,-Inf,-Inf,-Inf,-Inf,-Inf,-Inf,-Inf,-3.3771,-4.1689,-4.3472,-1.8724,-Inf,-Inf,-Inf,-Inf,-4.5835,-4.8163,-Inf,-Inf,-3.4738,-Inf,-Inf,-Inf,-Inf,-Inf,-Inf
-0.25177,-0.36964,-2.1179,-Inf,-0.8593,-1.2023,-1.4065,-Inf,-0.94798,-Inf,-0.99582,-1.5999,-4.1168,-Inf,-Inf,-0.27142,-Inf,-3.8378,-Inf,-3.9884,-Inf,-4.637,-0.96603,-1.6048,-3.7976,-Inf,-4.4988,-2.6667,-4.4836,-Inf,-0.90263,-2.3638,-Inf,-4.3501,-2.6394,-0.82721,-1.7903,-Inf,-1.8873,-4.097,-Inf,-Inf,-Inf,-Inf,-Inf,-Inf,-Inf,-Inf,-Inf,-Inf,-Inf,-Inf,-Inf,-Inf,-Inf,-Inf,-Inf,-Inf,-Inf,-Inf,-Inf,-Inf,-Inf,-Inf,-Inf,-Inf,-Inf,-Inf,-Inf,-Inf,-Inf,-Inf,-Inf,-Inf,-Inf,-Inf,-Inf,-Inf,-Inf,-Inf,-Inf,-Inf,-Inf,-Inf,-Inf,-Inf,-Inf,-Inf,-Inf,-Inf,-Inf,-Inf,-Inf,-Inf,-Inf,-Inf,-Inf,-Inf,-Inf,-Inf
-4.7085,-4.1179,-2.3722,-3.9436,-4.6613,-3.2833,-3.1362,-1.75,-Inf,-1.7975,-4.3495,-3.3225,-Inf,-1.3758,-1.7046,-4.4314,-1.2596,-1.0707,-2.9545,-0.87137,-3.0995,-0.15564,-3.5222,-3.5693,-0.69662,-1.8357,-0.17791,-4.4836,-2.6667,-2.4988,-3.8452,-2.166,-2.0517,-0.54061,-1.8529,-3.6578,-Inf,-1.5918,-2.687,-1.1347,-3.053,-Inf,-Inf,-2.5468,-Inf,-4.5006,-Inf,-Inf,-3.9296,-4.6685,-Inf,-Inf,-4.4799,-Inf,-4.2931,-Inf,-Inf,-3.8181,-Inf,-Inf,-Inf,-4.024,-Inf,-Inf,-Inf,-Inf,-Inf,-Inf,-Inf,-Inf,-Inf,-Inf,-4.7914,-Inf,-4.9649,-Inf,-Inf,-Inf,-Inf,-Inf,-Inf,-3.3343,-4.1376,-4.1694,-1.6984,-4.9966,-Inf,-Inf,-Inf,-4.4078,-4.7059,-Inf,-Inf,-3.3593,-Inf,-Inf,-4.8503,-Inf,-Inf,-Inf
-Inf,-Inf,-4.3615,-1.6609,-Inf,-Inf,-4.8415,-0.83797,-Inf,-1.0536,-Inf,-4.7279,-Inf,-1.1615,-0.87475,-Inf,-1.5438,-2.4864,-1.0405,-2.4018,-1.5037,-2.3932,-Inf,-4.8642,-2.8635,-1.1007,-2.3471,-Inf,-2.4988,-2.6667,-Inf,-4.2755,-1.2635,-2.2062,-3.7811,-Inf,-Inf,-1.9566,-4.3656,-2.1885,-4.3426,-Inf,-Inf,-4.6142,-Inf,-Inf,-Inf,-Inf,-Inf,-3.0742,-Inf,-Inf,-Inf,-Inf,-Inf,-Inf,-Inf,-Inf,-Inf,-Inf,-Inf,-Inf,-Inf,-Inf,-Inf,-Inf,-Inf,-Inf,-Inf,-Inf,-Inf,-Inf,-Inf,-Inf,-Inf,-Inf,-Inf,-Inf,-Inf,-Inf,-Inf,-3.4971,-3.9749,-Inf,-3.9164,-Inf,-Inf,-Inf,-Inf,-Inf,-Inf,-Inf,-Inf,-4.4738,-Inf,-Inf,-Inf,-Inf,-Inf,-Inf
-1.1491,-0.71543,-1.5973,-Inf,-0.82613,-0.82986,-0.72691,-Inf,-1.8484,-Inf,-1.6164,-0.70467,-4.9095,-4.7618,-Inf,-0.70308,-4.9345,-3.079,-Inf,-3.2484,-Inf,-3.993,-0.57737,-0.71185,-3.1486,-4.3095,-3.8337,-0.90263,-3.8452,-Inf,-2.6667,-1.892,-4.2011,-3.6365,-2.0036,-0.64906,-2.6653,-Inf,-1.159,-3.3134,-Inf,-Inf,-Inf,-Inf,-Inf,-Inf,-Inf,-Inf,-Inf,-Inf,-Inf,-Inf,-Inf,-Inf,-Inf,-Inf,-Inf,-Inf,-Inf,-Inf,-Inf,-Inf,-Inf,-Inf,-Inf,-Inf,-Inf,-Inf,-Inf,-Inf,-Inf,-Inf,-Inf,-Inf,-Inf,-Inf,-Inf,-Inf,-Inf,-Inf,-Inf,-Inf,-Inf,-Inf,-4.6503,-Inf,-Inf,-Inf,-Inf,-Inf,-Inf,-Inf,-Inf,-Inf,-Inf,-Inf,-Inf,-Inf,-Inf,-Inf
-2.5735,-1.9942,-0.3035,-Inf,-2.7091,-1.1707,-1.1779,-3.7164,-3.0184,-3.8636,-2.1955,-1.6373,-Inf,-3.3576,-3.6726,-2.3559,-3.3897,-1.797,-4.9778,-1.8756,-Inf,-2.3216,-1.4378,-1.9288,-1.5174,-3.2646,-2.2108,-2.3638,-2.166,-4.2755,-1.892,-2.6667,-3.2895,-2.1477,-0.54562,-1.541,-4.0045,-3.7552,-0.92091,-2.1051,-4.6434,-Inf,-Inf,-3.4843,-Inf,-Inf,-Inf,-Inf,-4.6397,-Inf,-Inf,-Inf,-Inf,-Inf,-Inf,-Inf,-Inf,-4.2076,-Inf,-Inf,-Inf,-Inf,-Inf,-Inf,-Inf,-Inf,-Inf,-Inf,-Inf,-Inf,-Inf,-Inf,-4.9113,-Inf,-Inf,-Inf,-Inf,-Inf,-Inf,-Inf,-Inf,-Inf,-Inf,-4.2111,-2.7584,-Inf,-Inf,-Inf,-Inf,-4.8006,-Inf,-Inf,-Inf,-Inf,-Inf,-Inf,-Inf,-Inf,-Inf,-Inf
-Inf,-4.747,-3.3162,-2.8929,-4.8712,-4.0194,-3.6797,-1.348,-Inf,-1.6918,-Inf,-3.5076,-Inf,-1.3194,-1.3386,-4.8994,-1.7992,-1.5305,-2.2711,-1.538,-2.6931,-2.0202,-4.1546,-3.6256,-2.1052,-0.31034,-1.8738,-Inf,-2.0517,-1.2635,-4.2011,-3.2895,-2.6667,-1.5617,-2.7565,-4.3354,-Inf,-2.4102,-3.2167,-1.2242,-4.6934,-Inf,-Inf,-4.5457,-Inf,-Inf,-Inf,-Inf,-Inf,-4.319,-Inf,-Inf,-Inf,-Inf,-Inf,-Inf,-Inf,-Inf,-Inf,-Inf,-Inf,-Inf,-Inf,-Inf,-Inf,-Inf,-Inf,-Inf,-Inf,-Inf,-Inf,-Inf,-Inf,-Inf,-Inf,-Inf,-Inf,-Inf,-Inf,-Inf,-Inf,-4.2714,-4.8913,-Inf,-3.7272,-Inf,-Inf,-Inf,-Inf,-Inf,-Inf,-Inf,-Inf,-4.9118,-Inf,-Inf,-Inf,-Inf,-Inf,-Inf
-4.5866,-3.9939,-2.295,-3.7639,-4.4314,-3.1712,-2.9594,-1.572,-Inf,-1.7211,-4.3374,-3.0528,-Inf,-1.2099,-1.5276,-4.2668,-1.2989,-0.62479,-2.8313,-0.41961,-3.0574,-0.58245,-3.3847,-3.2755,-0.66117,-1.3829,-0.38059,-4.3501,-0.54061,-2.2062,-3.6365,-2.1477,-1.5617,-2.6667,-1.7256,-3.538,-Inf,-1.7955,-2.4866,-0.60737,-3.5479,-Inf,-Inf,-3.0863,-Inf,-Inf,-Inf,-Inf,-4.4688,-4.6905,-Inf,-Inf,-Inf,-Inf,-4.8337,-Inf,-Inf,-4.3435,-Inf,-Inf,-Inf,-4.5476,-Inf,-Inf,-Inf,-Inf,-Inf,-Inf,-Inf,-Inf,-Inf,-Inf,-Inf,-Inf,-Inf,-Inf,-Inf,-Inf,-Inf,-Inf,-Inf,-3.6634,-4.4356,-4.6717,-2.2341,-Inf,-Inf,-Inf,-Inf,-4.9372,-Inf,-Inf,-Inf,-3.8385,-Inf,-Inf,-Inf,-Inf,-Inf,-Inf
-2.8705,-2.2776,-0.58189,-Inf,-2.8269,-1.4484,-1.2858,-3.2688,-3.3918,-3.4442,-2.6351,-1.5605,-Inf,-2.9224,-3.2263,-2.5788,-3.0103,-1.2948,-4.5297,-1.402,-4.7796,-2.0042,-1.6742,-1.8386,-1.1605,-2.7466,-1.8599,-2.6394,-1.8529,-3.7811,-2.0036,-0.54562,-2.7565,-1.7256,-2.6667,-1.8188,-4.3627,-3.4352,-0.85924,-1.5953,-4.5946,-Inf,-Inf,-3.5787,-Inf,-Inf,-Inf,-Inf,-4.8224,-Inf,-Inf,-Inf,-Inf,-Inf,-Inf,-Inf,-Inf,-4.4529,-Inf,-Inf,-Inf,-Inf,-Inf,-Inf,-Inf,-Inf,-Inf,-Inf,-Inf,-Inf,-Inf,-Inf,-Inf,-Inf,-Inf,-Inf,-Inf,-Inf,-Inf,-Inf,-Inf,-Inf,-Inf,-4.5299,-2.7822,-Inf,-Inf,-Inf,-Inf,-Inf,-Inf,-Inf,-Inf,-4.9467,-Inf,-Inf,-Inf,-Inf,-Inf,-Inf
-1.052,-0.4601,-1.2907,-Inf,-1.2889,-0.37515,-0.6605,-Inf,-1.6137,-Inf,-1.0908,-1.0886,-4.928,-4.7188,-Inf,-0.82584,-4.8284,-3.0457,-Inf,-3.1869,-Inf,-3.8115,-0.18676,-1.2373,-2.974,-4.3996,-3.6759,-0.82721,-3.6578,-Inf,-0.64906,-1.541,-4.3354,-3.538,-1.8188,-2.6667,-2.558,-Inf,-1.1207,-3.3166,-Inf,-Inf,-Inf,-4.9007,-Inf,-Inf,-Inf,-Inf,-Inf,-Inf,-Inf,-Inf,-Inf,-Inf,-Inf,-Inf,-Inf,-Inf,-Inf,-Inf,-Inf,-Inf,-Inf,-Inf,-Inf,-Inf,-Inf,-Inf,-Inf,-Inf,-Inf,-Inf,-Inf,-Inf,-Inf,-Inf,-Inf,-Inf,-Inf,-Inf,-Inf,-Inf,-Inf,-Inf,-4.2449,-Inf,-Inf,-Inf,-Inf,-Inf,-Inf,-Inf,-Inf,-Inf,-Inf,-Inf,-Inf,-Inf,-Inf,-Inf
-1.5393,-2.1147,-3.8042,-Inf,-2.1974,-2.918,-3.1861,-Inf,-0.98963,-Inf,-1.9042,-3.3699,-2.4188,-Inf,-Inf,-1.9626,-Inf,-Inf,-Inf,-Inf,-Inf,-Inf,-2.7242,-3.3272,-Inf,-Inf,-Inf,-1.7903,-Inf,-Inf,-2.6653,-4.0045,-Inf,-Inf,-4.3627,-2.558,-2.6667,-Inf,-3.6646,-Inf,-Inf,-Inf,-Inf,-Inf,-Inf,-Inf,-Inf,-Inf,-Inf,-Inf,-Inf,-Inf,-Inf,-Inf,-Inf,-Inf,-Inf,-Inf,-Inf,-Inf,-Inf,-Inf,-Inf,-Inf,-Inf,-Inf,-Inf,-Inf,-Inf,-Inf,-Inf,-Inf,-Inf,-Inf,-Inf,-Inf,-Inf,-Inf,-Inf,-Inf,-Inf,-Inf,-Inf,-Inf,-Inf,-Inf,-Inf,-Inf,-Inf,-Inf,-Inf,-Inf,-Inf,-Inf,-Inf,-Inf,-Inf,-Inf,-Inf,-Inf
-Inf,-Inf,-3.9638,-2.8279,-Inf,-4.8734,-4.7104,-1.1852,-Inf,-0.90345,-Inf,-4.8444,-Inf,-1.0909,-1.1682,-Inf,-0.62298,-2.4085,-1.8056,-2.2105,-1.7457,-1.437,-Inf,-Inf,-2.275,-2.1,-1.5767,-Inf,-1.5918,-1.9566,-Inf,-3.7552,-2.4102,-1.7955,-3.4352,-Inf,-Inf,-2.6667,-4.2496,-2.2825,-2.3937,-Inf,-Inf,-2.7777,-Inf,-4.3416,-Inf,-Inf,-4.0036,-3.151,-Inf,-4.6552,-4.4448,-Inf,-4.2193,-Inf,-Inf,-4.1667,-Inf,-Inf,-Inf,-3.5458,-4.0423,-Inf,-Inf,-Inf,-Inf,-Inf,-Inf,-Inf,-Inf,-Inf,-Inf,-Inf,-4.3268,-Inf,-Inf,-Inf,-Inf,-Inf,-Inf,-1.9264,-2.6567,-4.7058,-2.2346,-4.6735,-Inf,-Inf,-Inf,-4.6595,-3.767,-Inf,-Inf,-2.5542,-Inf,-Inf,-4.7354,-Inf,-Inf,-Inf
-2.1327,-1.55,-0.63269,-Inf,-1.9753,-0.8103,-0.48085,-3.9583,-2.7338,-4.1712,-2.1272,-0.72871,-Inf,-3.6365,-3.9185,-1.783,-3.7855,-1.9524,-Inf,-2.1095,-Inf,-2.8342,-0.94383,-1.0184,-1.9904,-3.2792,-2.6749,-1.8873,-2.687,-4.3656,-1.159,-0.92091,-3.2167,-2.4866,-0.85924,-1.1207,-3.6646,-4.2496,-2.6667,-2.2099,-Inf,-Inf,-Inf,-4.368,-Inf,-Inf,-Inf,-Inf,-Inf,-Inf,-Inf,-Inf,-Inf,-Inf,-Inf,-Inf,-Inf,-Inf,-Inf,-Inf,-Inf,-Inf,-Inf,-Inf,-Inf,-Inf,-Inf,-Inf,-Inf,-Inf,-Inf,-Inf,-Inf,-Inf,-Inf,-Inf,-Inf,-Inf,-Inf,-Inf,-Inf,-Inf,-Inf,-Inf,-3.6028,-Inf,-Inf,-Inf,-Inf,-Inf,-Inf,-Inf,-Inf,-Inf,-Inf,-Inf,-Inf,-Inf,-Inf,-Inf
-4.3426,-3.7578,-2.1742,-3.8322,-4.0721,-2.9694,-2.6906,-1.7559,-4.9265,-1.9958,-4.2195,-2.6749,-Inf,-1.4577,-1.7179,-3.9808,-1.7122,-0.31099,-2.9927,-0.34033,-3.2962,-1.1896,-3.1477,-2.8657,-0.91721,-1.1611,-0.9859,-4.097,-1.1347,-2.1885,-3.3134,-2.1051,-1.2242,-0.60737,-1.5953,-3.3166,-Inf,-2.2825,-2.2099,-2.6667,-4.1537,-Inf,-Inf,-3.6603,-Inf,-Inf,-Inf,-Inf,-Inf,-4.9603,-Inf,-Inf,-Inf,-Inf,-Inf,-Inf,-Inf,-4.878,-Inf,-Inf,-Inf,-Inf,-Inf,-Inf,-Inf,-Inf,-Inf,-Inf,-Inf,-Inf,-Inf,-Inf,-Inf,-Inf,-Inf,-Inf,-Inf,-Inf,-Inf,-Inf,-Inf,-4.1928,-4.9392,-Inf,-2.7993,-Inf,-Inf,-Inf,-Inf,-Inf,-Inf,-Inf,-Inf,-4.4405,-Inf,-Inf,-Inf,-Inf,-Inf,-Inf
-Inf,-Inf,-4.9339,-4.8795,-Inf,-Inf,-Inf,-3.5754,-Inf,-3.2941,-Inf,-Inf,-Inf,-3.4201,-3.5552,-Inf,-2.9292,-4.1236,-3.9672,-3.9227,-3.6937,-2.97,-Inf,-Inf,-3.6309,-4.3931,-3.1767,-Inf,-3.053,-4.3426,-Inf,-4.6434,-4.6934,-3.5479,-4.5946,-Inf,-Inf,-2.3937,-Inf,-4.1537,-2.6667,-Inf,-Inf,-1.5207,-Inf,-2.0734,-4.0221,-4.3132,-2.0015,-4.3812,-Inf,-2.265,-2.2663,-4.8033,-2.0316,-Inf,-Inf,-2.4702,-4.6396,-Inf,-Inf,-1.1588,-2.5188,-3.7616,-Inf,-Inf,-3.0417,-2.8344,-4.2379,-Inf,-Inf,-3.5217,-3.383,-4.9545,-1.9651,-4.0313,-Inf,-Inf,-Inf,-Inf,-Inf,-1.6966,-2.3401,-3.1476,-1.9141,-2.3039,-4.8204,-Inf,-3.7782,-2.7478,-1.6908,-Inf,-3.4553,-0.37752,-3.2537,-3.8066,-2.4703,-Inf,-4.9566,-2.7435
-Inf,-Inf,-Inf,-Inf,-Inf,-Inf,-Inf,-Inf,-Inf,-Inf,-Inf,-Inf,-Inf,-Inf,-Inf,-Inf,-Inf,-Inf,-Inf,-Inf,-Inf,-Inf,-Inf,-Inf,-Inf,-Inf,-Inf,-Inf,-Inf,-Inf,-Inf,-Inf,-Inf,-Inf,-Inf,-Inf,-Inf,-Inf,-Inf,-Inf,-Inf,-2.6667,-1.6748,-Inf,-0.793,-4.6033,-2.6877,-2.4155,-4.8617,-Inf,-1.6071,-4.6858,-4.4362,-1.9371,-4.6687,-1.7946,-2.375,-4.8373,-3.1556,-1.7188,-0.92787,-Inf,-Inf,-3.1569,-2.1766,-1.1079,-3.8937,-3.8494,-4.3164,-2.2882,-2.7765,-3.1801,-3.8792,-1.7723,-Inf,-2.6465,-1.2534,-0.91009,-1.4798,-1.033,-Inf,-Inf,-Inf,-4.5496,-Inf,-4.5119,-3.3646,-2.8062,-3.053,-4.2617,-Inf,-2.3097,-3.55,-Inf,-3.4847,-2.8961,-4.2076,-1.3185,-2.193,-3.9865
-Inf,-Inf,-Inf,-Inf,-Inf,-Inf,-Inf,-Inf,-Inf,-Inf,-Inf,-Inf,-Inf,-Inf,-Inf,-Inf,-Inf,-Inf,-Inf,-Inf,-Inf,-Inf,-Inf,-Inf,-Inf,-Inf,-Inf,-Inf,-Inf,-Inf,-Inf,-Inf,-Inf,-Inf,-Inf,-Inf,-Inf,-Inf,-Inf,-Inf,-Inf,-1.6748,-2.6667,-4.7236,-1.227,-3.4561,-1.9225,-1.2438,-3.509,-Inf,-0.4773,-3.8142,-3.2048,-0.84768,-3.4371,-1.16,-0.72103,-3.3381,-3.2156,-0.42346,-1.8574,-4.5131,-Inf,-2.5878,-1.6426,-0.77412,-3.1564,-2.7993,-4.2525,-3.4377,-2.6227,-2.2802,-2.3264,-0.79782,-4.5536,-1.7285,-0.95688,-0.92647,-0.38404,-1.9919,-Inf,-Inf,-Inf,-2.9526,-Inf,-3.5735,-1.7027,-1.7418,-2.4124,-2.8189,-Inf,-2.0133,-2.0741,-Inf,-2.6104,-2.0566,-3.0962,-0.35858,-0.55886,-3.0233
-Inf,-Inf,-3.7874,-Inf,-Inf,-4.5706,-4.6599,-3.777,-Inf,-3.603,-Inf,-Inf,-Inf,-3.4937,-3.742,-Inf,-3.0704,-3.5203,-4.5782,-3.3529,-4.45,-2.5416,-4.8489,-Inf,-2.8887,-4.2888,-2.7172,-Inf,-2.5468,-4.6142,-Inf,-3.4843,-4.5457,-3.0863,-3.5787,-4.9007,-Inf,-2.7777,-4.368,-3.6603,-1.5207,-Inf,-4.7236,-2.6667,-Inf,-1.9935,-3.7642,-3.7714,-1.3828,-Inf,-4.5994,-2.6859,-1.9377,-4.2434,-1.7624,-Inf,-4.3033,-1.392,-4.8741,-4.5068,-Inf,-1.8308,-3.9921,-3.7671,-Inf,-Inf,-3.2177,-2.6623,-4.8313,-Inf,-Inf,-3.3083,-2.418,-4.4085,-2.8067,-3.673,-4.9464,-Inf,-4.7533,-Inf,-Inf,-3.0272,-3.7782,-1.9441,-0.86575,-2.5533,-3.7001,-Inf,-3.7059,-1.9221,-3.0066,-Inf,-2.6563,-1.8825,-3.1554,-3.5593,-2.319,-Inf,-4.1724,-2.7298
-Inf,-Inf,-Inf,-Inf,-Inf,-Inf,-Inf,-Inf,-Inf,-Inf,-Inf,-Inf,-Inf,-Inf,-Inf,-Inf,-Inf,-Inf,-Inf,-Inf,-Inf,-Inf,-Inf,-Inf,-Inf,-Inf,-Inf,-Inf,-Inf,-Inf,-Inf,-Inf,-Inf,-Inf,-Inf,-Inf,-Inf,-Inf,-Inf,-Inf,-Inf,-0.793,-1.227,-Inf,-2.6667,-4.5617,-2.7856,-2.3008,-4.6953,-Inf,-1.392,-4.7912,-4.3435,-1.8154,-4.5783,-1.0062,-1.8228,-4.5603,-3.62,-1.4584,-1.5573,-Inf,-Inf,-3.3654,-1.3881,-0.46625,-4.0488,-3.8493,-4.7632,-2.2341,-2.0738,-3.2372,-3.5527,-1.6762,-Inf,-2.6706,-1.3359,-0.30379,-1.2206,-0.77618,-Inf,-Inf,-Inf,-4.177,-Inf,-4.5812,-2.787,-2.0236,-3.2254,-4.0275,-Inf,-1.5556,-3.286,-Inf,-3.564,-2.9703,-4.1807,-0.94274,-1.7858,-4.034
-Inf,-Inf,-Inf,-Inf,-Inf,-Inf,-Inf,-Inf,-Inf,-Inf,-Inf,-Inf,-Inf,-Inf,-Inf,-Inf,-4.7882,-Inf,-Inf,-Inf,-Inf,-4.4752,-Inf,-Inf,-4.8811,-Inf,-4.6637,-Inf,-4.5006,-Inf,-Inf,-Inf,-Inf,-Inf,-Inf,-Inf,-Inf,-4.3416,-Inf,-Inf,-2.0734,-4.6033,-3.4561,-1.9935,-4.5617,-2.6667,-1.9593,-2.2612,-0.76844,-Inf,-3.1714,-0.87858,-0.34866,-2.7473,-0.28689,-4.5635,-3.3134,-1.4113,-2.8814,-3.1188,-4.0338,-1.0584,-3.441,-1.8074,-4.9863,-4.1784,-1.2255,-0.76842,-2.9164,-Inf,-Inf,-1.4613,-1.7561,-2.8936,-1.4273,-1.9579,-3.3544,-4.2687,-3.3454,-Inf,-Inf,-3.6771,-4.1354,-1.949,-2.856,-0.63943,-3.1775,-4.6919,-1.7779,-1.1613,-2.2732,-Inf,-1.6276,-2.147,-1.2273,-1.7432,-0.39842,-3.6386,-2.9901,-0.74994
-Inf,-Inf,-Inf,-Inf,-Inf,-Inf,-Inf,-Inf,-Inf,-Inf,-Inf,-Inf,-Inf,-Inf,-Inf,-Inf,-Inf,-Inf,-Inf,-Inf,-Inf,-Inf,-Inf,-Inf,-Inf,-Inf,-Inf,-Inf,-Inf,-Inf,-Inf,-Inf,-Inf,-Inf,-Inf,-Inf,-Inf,-Inf,-Inf,-Inf,-4.0221,-2.6877,-1.9225,-3.7642,-2.7856,-1.9593,-2.6667,-0.78163,-2.382,-Inf,-1.4939,-2.0142,-1.8609,-1.0756,-2.0779,-3.0764,-2.1676,-2.609,-1.6465,-1.5039,-2.0746,-2.9237,-4.8394,-0.67816,-3.5647,-2.4865,-1.2665,-1.1911,-2.4553,-4.9326,-4.538,-0.50039,-1.9878,-1.1586,-2.7303,-0.26403,-1.4754,-2.5218,-1.6614,-3.5134,-Inf,-Inf,-Inf,-2.65,-4.6153,-1.8258,-2.6464,-3.5642,-0.4931,-2.0033,-3.777,-3.9293,-1.5629,-4.0537,-0.79753,-0.21608,-1.5615,-1.9601,-1.6961,-1.3
-Inf,-Inf,-Inf,-Inf,-Inf,-Inf,-Inf,-Inf,-Inf,-Inf,-Inf,-Inf,-Inf,-Inf,-Inf,-Inf,-Inf,-Inf,-Inf,-Inf,-Inf,-Inf,-Inf,-Inf,-Inf,-Inf,-Inf,-Inf,-Inf,-Inf,-Inf,-Inf,-Inf,-Inf,-Inf,-Inf,-Inf,-Inf,-Inf,-Inf,-4.3132,-2.4155,-1.2438,-3.7714,-2.3008,-2.2612,-0.78163,-2.6667,-2.447,-Inf,-0.91051,-2.5704,-2.049,-0.49087,-2.2839,-2.3993,-1.3892,-2.4588,-2.364,-0.86611,-2.0666,-3.3078,-Inf,-1.4539,-2.8686,-1.9234,-1.9313,-1.5662,-3.2352,-4.5249,-3.8586,-1.046,-1.5973,-0.64809,-3.3098,-0.53407,-1.1751,-2.0077,-1.085,-3.0697,-Inf,-Inf,-Inf,-2.2975,-4.5779,-2.3318,-1.9107,-2.7995,-1.263,-1.8637,-4.3352,-3.25,-1.2028,-4.4079,-1.3725,-0.85502,-1.8834,-1.3815,-0.92538,-1.7809
-Inf,-Inf,-4.9408,-Inf,-Inf,-Inf,-Inf,-Inf,-Inf,-4.8765,-Inf,-Inf,-Inf,-4.8257,-Inf,-Inf,-4.3784,-4.8898,-Inf,-4.7276,-Inf,-3.9235,-Inf,-Inf,-4.2447,-Inf,-4.1,-Inf,-3.9296,-Inf,-Inf,-4.6397,-Inf,-4.4688,-4.8224,-Inf,-Inf,-4.0036,-Inf,-Inf,-2.0015,-4.8617,-3.509,-1.3828,-4.6953,-0.76844,-2.382,-2.447,-2.6667,-Inf,-3.318,-1.6327,-0.58161,-2.9323,-0.48254,-4.5295,-3.21,-0.69281,-3.5552,-3.239,-4.4133,-1.3678,-3.8883,-2.4102,-4.9029,-4.2722,-1.9431,-1.2991,-3.6772,-Inf,-Inf,-1.9268,-1.3927,-3.0939,-2.0707,-2.2996,-3.614,-4.393,-3.4819,-Inf,-Inf,-3.6959,-4.2803,-1.3306,-2.2401,-1.4074,-2.849,-4.4886,-2.3353,-0.74792,-2.7336,-Inf,-1.461,-2.2031,-1.7914,-2.1765,-0.98702,-3.7528,-2.9833,-1.4133
-Inf,-Inf,-Inf,-1.8033,-Inf,-Inf,-Inf,-3.2064,-Inf,-2.9795,-Inf,-Inf,-Inf,-3.5139,-3.2432,-Inf,-3.4222,-Inf,-2.048,-Inf,-1.6673,-4.5147,-Inf,-Inf,-Inf,-4.1008,-4.6036,-Inf,-4.6685,-3.0742,-Inf,-Inf,-4.319,-4.6905,-Inf,-Inf,-Inf,-3.151,-Inf,-4.9603,-4.3812,-Inf,-Inf,-Inf,-Inf,-Inf,-Inf,-Inf,-Inf,-2.6667,-Inf,-Inf,-Inf,-Inf,-Inf,-Inf,-Inf,-Inf,-Inf,-Inf,-Inf,-Inf,-4.0851,-Inf,-Inf,-Inf,-Inf,-Inf,-Inf,-Inf,-Inf,-Inf,-Inf,-Inf,-Inf,-Inf,-Inf,-Inf,-Inf,-Inf,-Inf,-2.7153,-2.4343,-Inf,-Inf,-Inf,-Inf,-Inf,-Inf,-Inf,-4.6804,-Inf,-Inf,-4.2465,-Inf,-Inf,-Inf,-Inf,-Inf,-Inf
-Inf,-Inf,-Inf,-Inf,-Inf,-Inf,-Inf,-Inf,-Inf,-Inf,-Inf,-Inf,-Inf,-Inf,-Inf,-Inf,-Inf,-Inf,-Inf,-Inf,-Inf,-Inf,-Inf,-Inf,-Inf,-Inf,-Inf,-Inf,-Inf,-Inf,-Inf,-Inf,-Inf,-Inf,-Inf,-Inf,-Inf,-Inf,-Inf,-Inf,-Inf,-1.6071,-0.4773,-4.5994,-1.392,-3.1714,-1.4939,-0.91051,-3.318,-Inf,-2.6667,-3.4476,-2.9519,-0.43673,-3.1868,-1.5908,-1.0586,-3.2396,-2.7383,-0.13002,-1.5483,-4.218,-Inf,-2.1435,-2.0867,-1.0188,-2.7507,-2.4705,-3.7795,-3.6217,-3.0478,-1.8944,-2.272,-0.33771,-4.1819,-1.3283,-0.56649,-1.0973,-0.17566,-2.1642,-Inf,-Inf,-Inf,-2.9449,-Inf,-3.2219,-1.9618,-2.2181,-1.9752,-2.6773,-Inf,-2.4404,-1.9515,-Inf,-2.226,-1.6488,-2.7936,-0.4773,-0.67584,-2.671
-Inf,-Inf,-Inf,-Inf,-Inf,-Inf,-Inf,-Inf,-Inf,-Inf,-Inf,-Inf,-Inf,-Inf,-Inf,-Inf,-Inf,-Inf,-Inf,-Inf,-Inf,-Inf,-Inf,-Inf,-Inf,-Inf,-Inf,-Inf,-Inf,-Inf,-Inf,-Inf,-Inf,-Inf,-Inf,-Inf,-Inf,-4.6552,-Inf,-Inf,-2.265,-4.6858,-3.8142,-2.6859,-4.7912,-0.87858,-2.0142,-2.5704,-1.6327,-Inf,-3.4476,-2.6667,-1.192,-3.0111,-1.1612,-4.967,-3.8238,-2.2898,-2.3763,-3.4263,-3.9797,-1.1096,-2.8782,-1.5734,-Inf,-4.464,-0.81815,-1.0594,-2.1463,-Inf,-Inf,-1.5562,-2.5276,-3.1289,-0.74035,-2.1246,-3.4896,-4.5182,-3.6223,-Inf,-Inf,-3.6204,-3.91,-2.8099,-3.5145,-0.28694,-3.866,-Inf,-1.6413,-1.9954,-1.7711,-Inf,-2.3047,-2.187,-1.2273,-1.8215,-0.92343,-3.9247,-3.4308,-0.79813
-Inf,-Inf,-Inf,-Inf,-Inf,-Inf,-Inf,-Inf,-Inf,-Inf,-Inf,-Inf,-Inf,-Inf,-Inf,-Inf,-4.8583,-Inf,-Inf,-Inf,-Inf,-4.4666,-Inf,-Inf,-4.8161,-Inf,-4.6479,-Inf,-4.4799,-Inf,-Inf,-Inf,-Inf,-Inf,-Inf,-Inf,-Inf,-4.4448,-Inf,-Inf,-2.2663,-4.4362,-3.2048,-1.9377,-4.3435,-0.34866,-1.8609,-2.049,-0.58161,-Inf,-2.9519,-1.192,-2.6667,-2.5398,-0.23495,-4.2897,-3.016,-1.1289,-2.9736,-2.8889,-3.9234,-1.3486,-3.7807,-1.834,-4.6998,-3.9443,-1.3716,-0.72496,-3.13,-Inf,-Inf,-1.3832,-1.4087,-2.6935,-1.7749,-1.8143,-3.1828,-4.046,-3.123,-Inf,-Inf,-3.9155,-4.4134,-1.6183,-2.8019,-0.92622,-2.838,-4.3766,-1.7682,-0.81572,-2.6118,-Inf,-1.3005,-2.385,-1.2184,-1.6486,-0.40788,-3.4096,-2.7171,-0.83442
-Inf,-Inf,-Inf,-Inf,-Inf,-Inf,-Inf,-Inf,-Inf,-Inf,-Inf,-Inf,-Inf,-Inf,-Inf,-Inf,-Inf,-Inf,-Inf,-Inf,-Inf,-Inf,-Inf,-Inf,-Inf,-Inf,-Inf,-Inf,-Inf,-Inf,-Inf,-Inf,-Inf,-Inf,-Inf,-Inf,-Inf,-Inf,-Inf,-Inf,-4.8033,-1.9371,-0.84768,-4.2434,-1.8154,-2.7473,-1.0756,-0.49087,-2.9323,-Inf,-0.43673,-3.0111,-2.5398,-2.6667,-2.7746,-2.0013,-1.2204,-2.909,-2.4491,-0.42858,-1.6805,-3.7892,-Inf,-1.7406,-2.4893,-1.4551,-2.3213,-2.037,-3.435,-4.0353,-3.4636,-1.4589,-1.9901,-0.16635,-3.7459,-0.8948,-0.7228,-1.5262,-0.61201,-2.5814,-Inf,-Inf,-Inf,-2.6834,-Inf,-2.7853,-1.9722,-2.5353,-1.5647,-2.3261,-4.7816,-2.8545,-1.6286,-4.8943,-1.7906,-1.2187,-2.3653,-0.91403,-0.74687,-2.2345
-Inf,-Inf,-Inf,-Inf,-Inf,-Inf,-Inf,-Inf,-Inf,-Inf,-Inf,-Inf,-Inf,-Inf,-Inf,-Inf,-4.6406,-Inf,-Inf,-Inf,-Inf,-4.2748,-Inf,-Inf,-4.6497,-Inf,-4.4591,-Inf,-4.2931,-Inf,-Inf,-Inf,-Inf,-4.8337,-Inf,-Inf,-Inf,-4.2193,-Inf,-Inf,-2.0316,-4.6687,-3.4371,-1.7624,-4.5783,-0.28689,-2.0779,-2.2839,-0.48254,-Inf,-3.1868,-1.1612,-0.23495,-2.7746,-2.6667,-4.5169,-3.2355,-1.1304,-3.1181,-3.1235,-4.1461,-1.141,-3.6105,-2.0069,-4.9228,-4.1784,-1.48,-0.91397,-3.1967,-Inf,-Inf,-1.5924,-1.5714,-2.9281,-1.6652,-2.0413,-3.4154,-4.2808,-3.3578,-Inf,-Inf,-3.6842,-4.1921,-1.694,-2.6281,-0.9263,-3.0198,-4.5842,-1.9558,-0.94294,-2.442,-Inf,-1.5049,-2.1548,-1.402,-1.8639,-0.55757,-3.6441,-2.9455,-0.96958
-Inf,-Inf,-Inf,-Inf,-Inf,-Inf,-Inf,-Inf,-Inf,-Inf,-Inf,-Inf,-Inf,-Inf,-Inf,-Inf,-Inf,-Inf,-Inf,-Inf,-Inf,-Inf,-Inf,-Inf,-Inf,-Inf,-Inf,-Inf,-Inf,-Inf,-Inf,-Inf,-Inf,-Inf,-Inf,-Inf,-Inf,-Inf,-Inf,-Inf,-Inf,-1.7946,-1.16,-Inf,-1.0062,-4.5635,-3.0764,-2.3993,-4.5295,-Inf,-1.5908,-4.967,-4.2897,-2.0013,-4.5169,-2.6667,-1.3375,-4.2511,-4.2516,-1.5727,-2.4467,-Inf,-Inf,-3.7337,-0.50272,-0.79781,-4.3163,-3.9395,-Inf,-2.6689,-1.463,-3.4396,-3.2266,-1.9282,-Inf,-2.8882,-1.8718,-0.94085,-1.4364,-1.4289,-Inf,-Inf,-Inf,-3.7505,-Inf,-4.7209,-2.1233,-1.0198,-3.5629,-3.802,-Inf,-0.85361,-3.0685,-Inf,-3.7693,-3.2158,-4.2192,-1.1647,-1.5738,-4.1728
-Inf,-Inf,-Inf,-Inf,-Inf,-Inf,-Inf,-Inf,-Inf,-Inf,-Inf,-Inf,-Inf,-Inf,-Inf,-Inf,-Inf,-Inf,-Inf,-Inf,-Inf,-Inf,-Inf,-Inf,-Inf,-Inf,-Inf,-Inf,-Inf,-Inf,-Inf,-Inf,-Inf,-Inf,-Inf,-Inf,-Inf,-Inf,-Inf,-Inf,-Inf,-2.375,-0.72103,-4.3033,-1.8228,-3.3134,-2.1676,-1.3892,-3.21,-Inf,-1.0586,-3.8238,-3.016,-1.2204,-3.2355,-1.3375,-2.6667,-2.9137,-3.6648,-0.94056,-2.5642,-4.3625,-Inf,-2.8427,-1.6938,-1.3586,-3.279,-2.7669,-4.61,-3.9242,-2.6776,-2.3967,-1.8892,-1.2667,-4.5586,-1.9231,-1.6165,-1.5475,-1.0529,-2.534,-Inf,-Inf,-Inf,-2.429,-4.9811,-3.5573,-0.98957,-1.4303,-2.6522,-2.474,-Inf,-2.0978,-1.7525,-Inf,-2.7043,-2.2394,-2.9999,-1.0754,-0.48104,-3.028
-Inf,-Inf,-4.5021,-Inf,-Inf,-Inf,-Inf,-Inf,-Inf,-4.9944,-Inf,-Inf,-Inf,-4.869,-Inf,-Inf,-4.457,-4.6924,-Inf,-4.5502,-Inf,-3.8395,-Inf,-Inf,-4.0247,-Inf,-3.9947,-Inf,-3.8181,-Inf,-Inf,-4.2076,-Inf,-4.3435,-4.4529,-Inf,-Inf,-4.1667,-Inf,-4.878,-2.4702,-4.8373,-3.3381,-1.392,-4.5603,-1.4113,-2.609,-2.4588,-0.69281,-Inf,-3.2396,-2.2898,-1.1289,-2.909,-1.1304,-4.2511,-2.9137,-2.6667,-3.987,-3.1405,-4.5143,-2.0319,-4.5471,-2.8,-4.5752,-4.1122,-2.4713,-1.7326,-4.2489,-Inf,-Inf,-2.2297,-1.0262,-3.0753,-2.7626,-2.4618,-3.6261,-4.257,-3.3871,-Inf,-Inf,-4.1538,-4.8033,-0.68663,-2.1347,-2.0423,-2.3741,-4.0704,-2.6864,-0.61044,-3.4041,-4.9758,-1.2882,-2.7327,-2.1885,-2.429,-1.5145,-3.6273,-2.7842,-1.9243
-Inf,-Inf,-Inf,-Inf,-Inf,-Inf,-Inf,-Inf,-Inf,-Inf,-Inf,-Inf,-Inf,-Inf,-Inf,-Inf,-Inf,-Inf,-Inf,-Inf,-Inf,-Inf,-Inf,-Inf,-Inf,-Inf,-Inf,-Inf,-Inf,-Inf,-Inf,-Inf,-Inf,-Inf,-Inf,-Inf,-Inf,-Inf,-Inf,-Inf,-4.6396,-3.1556,-3.2156,-4.8741,-3.62,-2.8814,-1.6465,-2.364,-3.5552,-Inf,-2.7383,-2.3763,-2.9736,-2.4491,-3.1181,-4.2516,-3.6648,-3.987,-2.6667,-2.8109,-2.2448,-3.4858,-4.5521,-1.1941,-4.7535,-3.5052,-1.6659,-2.2701,-1.1609,-Inf,-Inf,-1.8096,-3.5716,-2.4363,-2.8177,-1.9058,-2.382,-3.45,-2.8556,-4.1725,-Inf,-Inf,-Inf,-4.1836,-Inf,-2.3879,-4.272,-4.9556,-1.3381,-3.4299,-3.7571,-Inf,-3.1576,-4.5358,-1.7986,-1.7176,-2.5708,-3.0935,-3.185,-2.1489
-Inf,-Inf,-Inf,-Inf,-Inf,-Inf,-Inf,-Inf,-Inf,-Inf,-Inf,-Inf,-Inf,-Inf,-Inf,-Inf,-Inf,-Inf,-Inf,-Inf,-Inf,-Inf,-Inf,-Inf,-Inf,-Inf,-Inf,-Inf,-Inf,-Inf,-Inf,-Inf,-Inf,-Inf,-Inf,-Inf,-Inf,-Inf,-Inf,-Inf,-Inf,-1.7188,-0.42346,-4.5068,-1.4584,-3.1188,-1.5039,-0.86611,-3.239,-Inf,-0.13002,-3.4263,-2.8889,-0.42858,-3.1235,-1.5727,-0.94056,-3.1405,-2.8109,-2.6667,-1.6782,-4.1699,-Inf,-2.1658,-2.0617,-1.0598,-2.7481,-2.4322,-3.8335,-3.6923,-3.035,-1.88,-2.1634,-0.37811,-4.1634,-1.32,-0.69458,-1.1583,-0.2467,-2.234,-Inf,-Inf,-Inf,-2.8308,-Inf,-3.1939,-1.8329,-2.1462,-1.9919,-2.5858,-Inf,-2.426,-1.8537,-Inf,-2.2115,-1.6458,-2.7463,-0.52079,-0.54611,-2.6426
-Inf,-Inf,-Inf,-Inf,-Inf,-Inf,-Inf,-Inf,-Inf,-Inf,-Inf,-Inf,-Inf,-Inf,-Inf,-Inf,-Inf,-Inf,-Inf,-Inf,-Inf,-Inf,-Inf,-Inf,-Inf,-Inf,-Inf,-Inf,-Inf,-Inf,-Inf,-Inf,-Inf,-Inf,-Inf,-Inf,-Inf,-Inf,-Inf,-Inf,-Inf,-0.92787,-1.8574,-Inf,-1.5573,-4.0338,-2.0746,-2.0666,-4.4133,-Inf,-1.5483,-3.9797,-3.9234,-1.6805,-4.1461,-2.4467,-2.5642,-4.5143,-2.2448,-1.6782,-2.6667,-4.974,-Inf,-2.4103,-2.9023,-1.6537,-3.1658,-3.2654,-3.4045,-3.1509,-3.6278,-2.5729,-3.6548,-1.5264,-4.6319,-2.115,-0.99229,-1.51,-1.5138,-1.9604,-Inf,-Inf,-Inf,-4.3532,-Inf,-3.841,-3.5068,-3.3857,-2.343,-3.9099,-Inf,-3.1095,-3.2692,-Inf,-2.8398,-2.2907,-3.6361,-1.5372,-2.224,-3.3512
-Inf,-Inf,-Inf,-Inf,-Inf,-Inf,-Inf,-4.7226,-Inf,-4.4482,-Inf,-Inf,-Inf,-4.5495,-4.7007,-Inf,-4.0618,-Inf,-Inf,-4.891,-4.822,-3.9655,-Inf,-Inf,-4.5216,-Inf,-4.1679,-Inf,-4.024,-Inf,-Inf,-Inf,-Inf,-4.5476,-Inf,-Inf,-Inf,-3.5458,-Inf,-Inf,-1.1588,-Inf,-4.5131,-1.8308,-Inf,-1.0584,-2.9237,-3.3078,-1.3678,-Inf,-4.218,-1.1096,-1.3486,-3.7892,-1.141,-Inf,-4.3625,-2.0319,-3.4858,-4.1699,-4.974,-2.6667,-2.5207,-2.6136,-Inf,-Inf,-1.8848,-1.7618,-3.1624,-Inf,-Inf,-2.4263,-2.6969,-3.9304,-0.98342,-2.9643,-4.3672,-Inf,-4.3928,-Inf,-Inf,-2.6423,-3.077,-2.6957,-2.5709,-1.1511,-4.1541,-Inf,-2.642,-2.0513,-1.3723,-Inf,-2.6448,-1.1311,-2.1362,-2.7115,-1.4244,-4.6885,-4.0479,-1.6258
-Inf,-Inf,-Inf,-Inf,-Inf,-Inf,-Inf,-Inf,-Inf,-4.759,-Inf,-Inf,-Inf,-Inf,-Inf,-Inf,-4.6651,-Inf,-4.8522,-Inf,-4.4019,-Inf,-Inf,-Inf,-Inf,-Inf,-Inf,-Inf,-Inf,-Inf,-Inf,-Inf,-Inf,-Inf,-Inf,-Inf,-Inf,-4.0423,-Inf,-Inf,-2.5188,-Inf,-Inf,-3.9921,-Inf,-3.441,-4.8394,-Inf,-3.8883,-4.0851,-Inf,-2.8782,-3.7807,-Inf,-3.6105,-Inf,-Inf,-4.5471,-4.5521,-Inf,-Inf,-2.5207,-2.6667,-4.2762,-Inf,-Inf,-3.5738,-3.9232,-3.6079,-Inf,-Inf,-4.417,-Inf,-Inf,-2.1379,-4.9823,-Inf,-Inf,-Inf,-Inf,-Inf,-2.1606,-1.7668,-Inf,-4.4224,-3.1331,-Inf,-Inf,-4.4012,-4.5492,-1.1692,-Inf,-Inf,-2.1413,-4.0853,-4.6653,-3.6991,-Inf,-Inf,-3.675
-Inf,-Inf,-Inf,-Inf,-Inf,-Inf,-Inf,-Inf,-Inf,-Inf,-Inf,-Inf,-Inf,-Inf,-Inf,-Inf,-Inf,-Inf,-Inf,-Inf,-Inf,-Inf,-Inf,-Inf,-Inf,-Inf,-Inf,-Inf,-Inf,-Inf,-Inf,-Inf,-Inf,-Inf,-Inf,-Inf,-Inf,-Inf,-Inf,-Inf,-3.7616,-3.1569,-2.5878,-3.7671,-3.3654,-1.8074,-0.67816,-1.4539,-2.4102,-Inf,-2.1435,-1.5734,-1.834,-1.7406,-2.0069,-3.7337,-2.8427,-2.8,-1.1941,-2.1658,-2.4103,-2.6136,-4.2762,-2.6667,-4.2267,-3.1065,-0.75631,-1.1111,-1.8076,-Inf,-Inf,-0.62869,-2.3996,-1.8058,-2.2268,-0.92123,-2.0303,-3.1205,-2.3042,-4.0588,-Inf,-Inf,-Inf,-2.9935,-4.6326,-1.4629,-3.2653,-4.2424,-0.19353,-2.2363,-3.27,-4.584,-1.9967,-3.7337,-0.62078,-0.62652,-1.4493,-2.5961,-2.3735,-1.0586
-Inf,-Inf,-Inf,-Inf,-Inf,-Inf,-Inf,-Inf,-Inf,-Inf,-Inf,-Inf,-Inf,-Inf,-Inf,-Inf,-Inf,-Inf,-Inf,-Inf,-Inf,-Inf,-Inf,-Inf,-Inf,-Inf,-Inf,-Inf,-Inf,-Inf,-Inf,-Inf,-Inf,-Inf,-Inf,-Inf,-Inf,-Inf,-Inf,-Inf,-Inf,-2.1766,-1.6426,-Inf,-1.3881,-4.9863,-3.5647,-2.8686,-4.9029,-Inf,-2.0867,-Inf,-4.6998,-2.4893,-4.9228,-0.50272,-1.6938,-4.5752,-4.7535,-2.0617,-2.9023,-Inf,-Inf,-4.2267,-2.6667,-1.2774,-4.7947,-4.3883,-Inf,-2.5996,-0.99671,-3.9134,-3.5614,-2.4233,-Inf,-3.369,-2.3726,-1.3941,-1.9358,-1.59,-Inf,-Inf,-Inf,-4.0314,-Inf,-Inf,-2.3237,-0.83645,-4.0535,-4.164,-Inf,-0.40403,-3.4463,-Inf,-4.2411,-3.6976,-4.654,-1.6673,-2.0048,-4.6298
-Inf,-Inf,-Inf,-Inf,-Inf,-Inf,-Inf,-Inf,-Inf,-Inf,-Inf,-Inf,-Inf,-Inf,-Inf,-Inf,-Inf,-Inf,-Inf,-Inf,-Inf,-Inf,-Inf,-Inf,-Inf,-Inf,-Inf,-Inf,-Inf,-Inf,-Inf,-Inf,-Inf,-Inf,-Inf,-Inf,-Inf,-Inf,-Inf,-Inf,-Inf,-1.1079,-0.77412,-Inf,-0.46625,-4.1784,-2.4865,-1.9234,-4.2722,-Inf,-1.0188,-4.464,-3.9443,-1.4551,-4.1784,-0.79781,-1.3586,-4.1122,-3.5052,-1.0598,-1.6537,-Inf,-Inf,-3.1065,-1.2774,-2.6667,-3.752,-3.4878,-4.6195,-2.6645,-2.1359,-2.9087,-3.099,-1.3365,-Inf,-2.3408,-1.1304,-0.20134,-0.84319,-1.2183,-Inf,-Inf,-Inf,-3.7155,-Inf,-4.2404,-2.3299,-1.7464,-2.9514,-3.5904,-Inf,-1.5529,-2.8462,-Inf,-3.2397,-2.6552,-3.8058,-0.54239,-1.3301,-3.6896
-Inf,-Inf,-Inf,-Inf,-Inf,-Inf,-Inf,-Inf,-Inf,-Inf,-Inf,-Inf,-Inf,-Inf,-Inf,-Inf,-Inf,-Inf,-Inf,-Inf,-Inf,-Inf,-Inf,-Inf,-Inf,-Inf,-Inf,-Inf,-Inf,-Inf,-Inf,-Inf,-Inf,-Inf,-Inf,-Inf,-Inf,-Inf,-Inf,-Inf,-3.0417,-3.8937,-3.1564,-3.2177,-4.0488,-1.2255,-1.2665,-1.9313,-1.9431,-Inf,-2.7507,-0.81815,-1.3716,-2.3213,-1.48,-4.3163,-3.279,-2.4713,-1.6659,-2.7481,-3.1658,-1.8848,-3.5738,-0.75631,-4.7947,-3.752,-2.6667,-0.77891,-1.7865,-Inf,-Inf,-0.88707,-2.3618,-2.4193,-1.483,-1.4285,-2.726,-3.7879,-2.9214,-4.7659,-Inf,-4.4385,-4.7154,-2.827,-4.0781,-0.74113,-3.5055,-4.708,-0.84084,-2.0016,-2.5307,-Inf,-2.0296,-2.9925,-0.57664,-1.1026,-0.96558,-3.2221,-2.8431,-0.54708
-Inf,-Inf,-Inf,-Inf,-Inf,-Inf,-Inf,-Inf,-Inf,-Inf,-Inf,-Inf,-Inf,-Inf,-Inf,-Inf,-Inf,-Inf,-Inf,-Inf,-Inf,-Inf,-Inf,-Inf,-Inf,-Inf,-Inf,-Inf,-Inf,-Inf,-Inf,-Inf,-Inf,-Inf,-Inf,-Inf,-Inf,-Inf,-Inf,-Inf,-2.8344,-3.8494,-2.7993,-2.6623,-3.8493,-0.76842,-1.1911,-1.5662,-1.2991,-Inf,-2.4705,-1.0594,-0.72496,-2.037,-0.91397,-3.9395,-2.7669,-1.7326,-2.2701,-2.4322,-3.2654,-1.7618,-3.9232,-1.1111,-4.3883,-3.4878,-0.77891,-2.6667,-2.5603,-Inf,-Inf,-0.69295,-1.5972,-2.1732,-1.7917,-1.204,-2.6067,-3.5629,-2.646,-4.6074,-Inf,-4.4039,-4.8099,-2.0492,-3.5268,-0.79065,-2.8352,-4.1875,-1.0443,-1.2281,-2.7878,-4.7807,-1.2987,-2.8832,-0.49351,-0.975,-0.37186,-2.9454,-2.3854,-0.28651
-Inf,-Inf,-Inf,-Inf,-Inf,-Inf,-Inf,-Inf,-Inf,-Inf,-Inf,-Inf,-Inf,-Inf,-Inf,-Inf,-Inf,-Inf,-Inf,-Inf,-Inf,-Inf,-Inf,-Inf,-Inf,-Inf,-Inf,-Inf,-Inf,-Inf,-Inf,-Inf,-Inf,-Inf,-Inf,-Inf,-Inf,-Inf,-Inf,-Inf,-4.2379,-4.3164,-4.2525,-4.8313,-4.7632,-2.9164,-2.4553,-3.2352,-3.6772,-Inf,-3.7795,-2.1463,-3.13,-3.435,-3.1967,-Inf,-4.61,-4.2489,-1.1609,-3.8335,-3.4045,-3.1624,-3.6079,-1.8076,-Inf,-4.6195,-1.7865,-2.5603,-2.6667,-Inf,-Inf,-2.3935,-4.1043,-3.4558,-2.2771,-2.7139,-3.4892,-4.5789,-3.915,-Inf,-Inf,-Inf,-Inf,-4.6089,-Inf,-2.2953,-Inf,-Inf,-2.0003,-3.7871,-3.0134,-Inf,-3.7341,-4.0486,-2.2196,-2.4339,-2.7347,-4.1751,-4.1315,-2.3305
-Inf,-Inf,-Inf,-Inf,-Inf,-Inf,-Inf,-Inf,-Inf,-Inf,-Inf,-Inf,-Inf,-Inf,-Inf,-Inf,-Inf,-Inf,-Inf,-Inf,-Inf,-Inf,-Inf,-Inf,-Inf,-Inf,-Inf,-Inf,-Inf,-Inf,-Inf,-Inf,-Inf,-Inf,-Inf,-Inf,-Inf,-Inf,-Inf,-Inf,-Inf,-2.2882,-3.4377,-Inf,-2.2341,-Inf,-4.9326,-4.5249,-Inf,-Inf,-3.6217,-Inf,-Inf,-4.0353,-Inf,-2.6689,-3.9242,-Inf,-Inf,-3.6923,-3.1509,-Inf,-Inf,-Inf,-2.5996,-2.6645,-Inf,-Inf,-Inf,-2.6667,-2.2839,-Inf,-Inf,-3.887,-Inf,-4.8542,-3.4587,-2.5361,-3.4526,-1.4583,-4.405,-Inf,-Inf,-Inf,-Inf,-Inf,-4.7891,-3.4292,-Inf,-Inf,-Inf,-2.3478,-Inf,-Inf,-Inf,-Inf,-Inf,-3.1763,-3.9892,-Inf
-Inf,-Inf,-Inf,-Inf,-Inf,-Inf,-Inf,-Inf,-Inf,-Inf,-Inf,-Inf,-Inf,-Inf,-Inf,-Inf,-Inf,-Inf,-Inf,-Inf,-Inf,-Inf,-Inf,-Inf,-Inf,-Inf,-Inf,-Inf,-Inf,-Inf,-Inf,-Inf,-Inf,-Inf,-Inf,-Inf,-Inf,-Inf,-Inf,-Inf,-Inf,-2.7765,-2.6227,-Inf,-2.0738,-Inf,-4.538,-3.8586,-Inf,-Inf,-3.0478,-Inf,-Inf,-3.4636,-Inf,-1.463,-2.6776,-Inf,-Inf,-3.035,-3.6278,-Inf,-Inf,-Inf,-0.99671,-2.1359,-Inf,-Inf,-Inf,-2.2839,-2.6667,-4.9012,-4.5185,-3.3855,-Inf,-4.3511,-3.2658,-2.1939,-2.8877,-1.8869,-4.1365,-Inf,-Inf,-4.9455,-Inf,-Inf,-3.2001,-1.5121,-Inf,-Inf,-Inf,-0.60943,-4.4271,-Inf,-Inf,-4.6789,-Inf,-2.6018,-3.0015,-Inf
-Inf,-Inf,-Inf,-Inf,-Inf,-Inf,-Inf,-Inf,-Inf,-Inf,-Inf,-Inf,-Inf,-Inf,-Inf,-Inf,-Inf,-Inf,-Inf,-Inf,-Inf,-Inf,-Inf,-Inf,-Inf,-Inf,-Inf,-Inf,-Inf,-Inf,-Inf,-Inf,-Inf,-Inf,-Inf,-Inf,-Inf,-Inf,-Inf,-Inf,-3.5217,-3.1801,-2.2802,-3.3083,-3.2372,-1.4613,-0.50039,-1.046,-1.9268,-Inf,-1.8944,-1.5562,-1.3832,-1.4589,-1.5924,-3.4396,-2.3967,-2.2297,-1.8096,-1.88,-2.5729,-2.4263,-4.417,-0.62869,-3.9134,-2.9087,-0.88707,-0.69295,-2.3935,-Inf,-4.9012,-2.6667,-1.7711,-1.5729,-2.2879,-0.56841,-1.9525,-2.9623,-2.0683,-3.9797,-Inf,-Inf,-Inf,-2.3745,-4.1668,-1.3464,-2.6991,-3.8238,-0.47204,-1.6439,-3.3271,-4.2921,-1.3689,-3.5553,-0.33172,-0.28562,-1.0645,-2.3707,-1.9564,-0.80763
-Inf,-Inf,-Inf,-Inf,-Inf,-Inf,-Inf,-Inf,-Inf,-Inf,-Inf,-Inf,-Inf,-Inf,-Inf,-Inf,-Inf,-Inf,-Inf,-Inf,-Inf,-4.8238,-Inf,-Inf,-4.9364,-Inf,-4.9691,-Inf,-4.7914,-Inf,-Inf,-4.9113,-Inf,-Inf,-Inf,-Inf,-Inf,-Inf,-Inf,-Inf,-3.383,-3.8792,-2.3264,-2.418,-3.5527,-1.7561,-1.9878,-1.5973,-1.3927,-Inf,-2.272,-2.5276,-1.4087,-1.9901,-1.5714,-3.2266,-1.8892,-1.0262,-3.5716,-2.1634,-3.6548,-2.6969,-Inf,-2.3996,-3.5614,-3.099,-2.3618,-1.5972,-4.1043,-Inf,-4.5185,-1.7711,-2.6667,-2.154,-3.1733,-1.7722,-2.7122,-3.2506,-2.4075,-4.3173,-Inf,-Inf,-Inf,-0.70021,-3.133,-2.2417,-1.4613,-3.1017,-2.2368,-0.65101,-4.0124,-3.9638,-0.42561,-3.5957,-1.8861,-1.8654,-1.6051,-2.6298,-1.7688,-1.8745
-Inf,-Inf,-Inf,-Inf,-Inf,-Inf,-Inf,-Inf,-Inf,-Inf,-Inf,-Inf,-Inf,-Inf,-Inf,-Inf,-Inf,-Inf,-Inf,-Inf,-Inf,-Inf,-Inf,-Inf,-Inf,-Inf,-Inf,-Inf,-Inf,-Inf,-Inf,-Inf,-Inf,-Inf,-Inf,-Inf,-Inf,-Inf,-Inf,-Inf,-4.9545,-1.7723,-0.79782,-4.4085,-1.6762,-2.8936,-1.1586,-0.64809,-3.0939,-Inf,-0.33771,-3.1289,-2.6935,-0.16635,-2.9281,-1.9282,-1.2667,-3.0753,-2.4363,-0.37811,-1.5264,-3.9304,-Inf,-1.8058,-2.4233,-1.3365,-2.4193,-2.1732,-3.4558,-3.887,-3.3855,-1.5729,-2.154,-2.6667,-3.8601,-1.0046,-0.55829,-1.393,-0.50283,-2.4364,-Inf,-Inf,-Inf,-2.8459,-Inf,-2.9101,-2.0752,-2.5233,-1.6379,-2.492,-4.8999,-2.7781,-1.7947,-Inf,-1.9034,-1.3196,-2.5082,-0.80276,-0.81259,-2.3609
-Inf,-Inf,-Inf,-Inf,-Inf,-Inf,-Inf,-Inf,-Inf,-Inf,-Inf,-Inf,-Inf,-Inf,-Inf,-Inf,-4.8854,-Inf,-Inf,-Inf,-Inf,-4.8968,-Inf,-Inf,-Inf,-Inf,-Inf,-Inf,-4.9649,-Inf,-Inf,-Inf,-Inf,-Inf,-Inf,-Inf,-Inf,-4.3268,-Inf,-Inf,-1.9651,-Inf,-4.5536,-2.8067,-Inf,-1.4273,-2.7303,-3.3098,-2.0707,-Inf,-4.1819,-0.74035,-1.7749,-3.7459,-1.6652,-Inf,-4.5586,-2.7626,-2.8177,-4.1634,-4.6319,-0.98342,-2.1379,-2.2268,-Inf,-Inf,-1.483,-1.7917,-2.2771,-Inf,-Inf,-2.2879,-3.1733,-3.8601,-2.6667,-2.8557,-4.202,-Inf,-4.3561,-Inf,-Inf,-3.0588,-3.2523,-3.3589,-3.5533,-1.0018,-4.5592,-Inf,-2.3238,-2.5883,-1.0483,-Inf,-2.9939,-1.7751,-1.9568,-2.5455,-1.6034,-4.6586,-4.1702,-1.5377
-Inf,-Inf,-Inf,-Inf,-Inf,-Inf,-Inf,-Inf,-Inf,-Inf,-Inf,-Inf,-Inf,-Inf,-Inf,-Inf,-Inf,-Inf,-Inf,-Inf,-Inf,-Inf,-Inf,-Inf,-Inf,-Inf,-Inf,-Inf,-Inf,-Inf,-Inf,-Inf,-Inf,-Inf,-Inf,-Inf,-Inf,-Inf,-Inf,-Inf,-4.0313,-2.6465,-1.7285,-3.673,-2.6706,-1.9579,-0.26403,-0.53407,-2.2996,-Inf,-1.3283,-2.1246,-1.8143,-0.8948,-2.0413,-2.8882,-1.9231,-2.4618,-1.9058,-1.32,-2.115,-2.9643,-4.9823,-0.92123,-3.369,-2.3408,-1.4285,-1.204,-2.7139,-4.8542,-4.3511,-0.56841,-1.7722,-1.0046,-2.8557,-2.6667,-1.4029,-2.3942,-1.5015,-3.4173,-Inf,-Inf,-Inf,-2.4495,-4.5132,-1.9107,-2.3824,-3.3316,-0.7295,-1.8516,-3.8955,-3.7417,-1.3469,-4.0873,-0.89891,-0.32899,-1.5613,-1.8038,-1.4582,-1.3652
-Inf,-Inf,-Inf,-Inf,-Inf,-Inf,-Inf,-Inf,-Inf,-Inf,-Inf,-Inf,-Inf,-Inf,-Inf,-Inf,-Inf,-Inf,-Inf,-Inf,-Inf,-Inf,-Inf,-Inf,-Inf,-Inf,-Inf,-Inf,-Inf,-Inf,-Inf,-Inf,-Inf,-Inf,-Inf,-Inf,-Inf,-Inf,-Inf,-Inf,-Inf,-1.2534,-0.95688,-4.9464,-1.3359,-3.3544,-1.4754,-1.1751,-3.614,-Inf,-0.56649,-3.4896,-3.1828,-0.7228,-3.4154,-1.8718,-1.6165,-3.6261,-2.382,-0.69458,-0.99229,-4.3672,-Inf,-2.0303,-2.3726,-1.1304,-2.726,-2.6067,-3.4892,-3.4587,-3.2658,-1.9525,-2.7122,-0.55829,-4.202,-1.4029,-2.6667,-1.1057,-0.57607,-2.0403,-Inf,-Inf,-Inf,-3.4038,-Inf,-3.2966,-2.5274,-2.6546,-1.8948,-3.0367,-Inf,-2.6776,-2.35,-Inf,-2.2692,-1.6737,-2.9602,-0.73178,-1.2397,-2.7597
-Inf,-Inf,-Inf,-Inf,-Inf,-Inf,-Inf,-Inf,-Inf,-Inf,-Inf,-Inf,-Inf,-Inf,-Inf,-Inf,-Inf,-Inf,-Inf,-Inf,-Inf,-Inf,-Inf,-Inf,-Inf,-Inf,-Inf,-Inf,-Inf,-Inf,-Inf,-Inf,-Inf,-Inf,-Inf,-Inf,-Inf,-Inf,-Inf,-Inf,-Inf,-0.91009,-0.92647,-Inf,-0.30379,-4.2687,-2.5218,-2.0077,-4.393,-Inf,-1.0973,-4.5182,-4.046,-1.5262,-4.2808,-0.94085,-1.5475,-4.257,-3.45,-1.1583,-1.51,-Inf,-Inf,-3.1205,-1.3941,-0.20134,-3.7879,-3.5629,-4.5789,-2.5361,-2.1939,-2.9623,-3.2506,-1.393,-Inf,-2.3942,-1.1057,-2.6667,-0.92384,-1.0791,-Inf,-Inf,-Inf,-3.8786,-Inf,-4.3028,-2.5244,-1.9212,-2.9734,-3.7238,-Inf,-1.6321,-2.9823,-Inf,-3.2911,-2.7003,-3.8902,-0.64025,-1.4852,-3.7539
-Inf,-Inf,-Inf,-Inf,-Inf,-Inf,-Inf,-Inf,-Inf,-Inf,-Inf,-Inf,-Inf,-Inf,-Inf,-Inf,-Inf,-Inf,-Inf,-Inf,-Inf,-Inf,-Inf,-Inf,-Inf,-Inf,-Inf,-Inf,-Inf,-Inf,-Inf,-Inf,-Inf,-Inf,-Inf,-Inf,-Inf,-Inf,-Inf,-Inf,-Inf,-1.4798,-0.38404,-4.7533,-1.2206,-3.3454,-1.6614,-1.085,-3.4819,-Inf,-0.17566,-3.6223,-3.123,-0.61201,-3.3578,-1.4364,-1.0529,-3.3871,-2.8556,-0.2467,-1.5138,-4.3928,-Inf,-2.3042,-1.9358,-0.84319,-2.9214,-2.646,-3.915,-3.4526,-2.8877,-2.0683,-2.4075,-0.50283,-4.3561,-1.5015,-0.57607,-0.92384,-2.6667,-1.9945,-Inf,-Inf,-Inf,-3.0711,-Inf,-3.3973,-1.9984,-2.1137,-2.1389,-2.8321,-Inf,-2.2819,-2.1004,-Inf,-2.3998,-1.8204,-2.9684,-0.30244,-0.73616,-2.8465
-Inf,-Inf,-Inf,-Inf,-Inf,-Inf,-Inf,-Inf,-Inf,-Inf,-Inf,-Inf,-Inf,-Inf,-Inf,-Inf,-Inf,-Inf,-Inf,-Inf,-Inf,-Inf,-Inf,-Inf,-Inf,-Inf,-Inf,-Inf,-Inf,-Inf,-Inf,-Inf,-Inf,-Inf,-Inf,-Inf,-Inf,-Inf,-Inf,-Inf,-Inf,-1.033,-1.9919,-Inf,-0.77618,-Inf,-3.5134,-3.0697,-Inf,-Inf,-2.1642,-Inf,-Inf,-2.5814,-Inf,-1.4289,-2.534,-Inf,-4.1725,-2.234,-1.9604,-Inf,-Inf,-4.0588,-1.59,-1.2183,-4.7659,-4.6074,-Inf,-1.4583,-1.8869,-3.9797,-4.3173,-2.4364,-Inf,-3.4173,-2.0403,-1.0791,-1.9945,-2.6667,-Inf,-Inf,-Inf,-4.9288,-Inf,-Inf,-3.4594,-2.3878,-3.9317,-4.8019,-Inf,-1.556,-4.0595,-Inf,-4.3024,-3.7065,-4.9445,-1.7189,-2.5484,-4.7825
-Inf,-Inf,-Inf,-Inf,-Inf,-Inf,-Inf,-Inf,-Inf,-Inf,-Inf,-Inf,-Inf,-Inf,-Inf,-Inf,-Inf,-Inf,-Inf,-Inf,-Inf,-Inf,-Inf,-Inf,-Inf,-Inf,-Inf,-Inf,-Inf,-Inf,-Inf,-Inf,-Inf,-Inf,-Inf,-Inf,-Inf,-Inf,-Inf,-Inf,-Inf,-Inf,-Inf,-Inf,-Inf,-Inf,-Inf,-Inf,-Inf,-Inf,-Inf,-Inf,-Inf,-Inf,-Inf,-Inf,-Inf,-Inf,-Inf,-Inf,-Inf,-Inf,-Inf,-Inf,-Inf,-Inf,-Inf,-Inf,-Inf,-4.405,-4.1365,-Inf,-Inf,-Inf,-Inf,-Inf,-Inf,-Inf,-Inf,-Inf,-2.6667,-Inf,-Inf,-Inf,-Inf,-Inf,-Inf,-Inf,-Inf,-Inf,-Inf,-4.7371,-Inf,-Inf,-Inf,-Inf,-Inf,-Inf,-Inf,-Inf
-Inf,-Inf,-Inf,-3.5174,-Inf,-Inf,-Inf,-2.942,-Inf,-2.5988,-Inf,-Inf,-Inf,-2.9716,-2.9435,-Inf,-2.5418,-4.2877,-2.7895,-4.0829,-2.3881,-3.1953,-Inf,-Inf,-4.0265,-3.9636,-3.3771,-Inf,-3.3343,-3.4971,-Inf,-Inf,-4.2714,-3.6634,-Inf,-Inf,-Inf,-1.9264,-Inf,-4.1928,-1.6966,-Inf,-Inf,-3.0272,-Inf,-3.6771,-Inf,-Inf,-3.6959,-2.7153,-Inf,-3.6204,-3.9155,-Inf,-3.6842,-Inf,-Inf,-4.1538,-Inf,-Inf,-Inf,-2.6423,-2.1606,-Inf,-Inf,-Inf,-4.4385,-4.4039,-Inf,-Inf,-Inf,-Inf,-Inf,-Inf,-3.0588,-Inf,-Inf,-Inf,-Inf,-Inf,-Inf,-2.6667,-0.83504,-4.822,-3.0343,-3.7496,-Inf,-Inf,-Inf,-4.4432,-2.1971,-Inf,-Inf,-1.5317,-4.7665,-Inf,-4.0599,-Inf,-Inf,-4.2601
-Inf,-Inf,-Inf,-3.6445,-Inf,-Inf,-Inf,-3.5435,-Inf,-3.1996,-Inf,-Inf,-Inf,-3.635,-3.553,-Inf,-3.2474,-Inf,-3.1175,-4.8545,-2.6533,-3.9943,-Inf,-Inf,-4.8331,-4.5909,-4.1689,-Inf,-4.1376,-3.9749,-Inf,-Inf,-4.8913,-4.4356,-Inf,-Inf,-Inf,-2.6567,-Inf,-4.9392,-2.3401,-Inf,-Inf,-3.7782,-Inf,-4.1354,-Inf,-Inf,-4.2803,-2.4343,-Inf,-3.91,-4.4134,-Inf,-4.1921,-Inf,-Inf,-4.8033,-Inf,-Inf,-Inf,-3.077,-1.7668,-Inf,-Inf,-Inf,-4.7154,-4.8099,-Inf,-Inf,-Inf,-Inf,-Inf,-Inf,-3.2523,-Inf,-Inf,-Inf,-Inf,-Inf,-Inf,-0.83504,-2.6667,-Inf,-3.8531,-4.0879,-Inf,-Inf,-Inf,-Inf,-2.2485,-Inf,-Inf,-2.0793,-Inf,-Inf,-4.4934,-Inf,-Inf,-4.6276
-Inf,-Inf,-4.4903,-Inf,-Inf,-Inf,-Inf,-Inf,-Inf,-Inf,-4.9983,-Inf,-Inf,-Inf,-Inf,-Inf,-4.9393,-4.9486,-Inf,-4.8277,-Inf,-4.213,-Inf,-Inf,-4.273,-Inf,-4.3472,-Inf,-4.1694,-Inf,-Inf,-4.2111,-Inf,-4.6717,-4.5299,-Inf,-Inf,-4.7058,-Inf,-Inf,-3.1476,-4.5496,-2.9526,-1.9441,-4.177,-1.949,-2.65,-2.2975,-1.3306,-Inf,-2.9449,-2.8099,-1.6183,-2.6834,-1.694,-3.7505,-2.429,-0.68663,-4.1836,-2.8308,-4.3532,-2.6957,-Inf,-2.9935,-4.0314,-3.7155,-2.827,-2.0492,-4.6089,-Inf,-4.9455,-2.3745,-0.70021,-2.8459,-3.3589,-2.4495,-3.4038,-3.8786,-3.0711,-4.9288,-Inf,-4.822,-Inf,-2.6667,-2.5566,-2.5392,-1.756,-3.4667,-2.8465,-0.83306,-4.064,-4.4255,-1.1112,-3.4175,-2.4282,-2.5082,-1.9379,-3.2745,-2.395,-2.2953
-Inf,-4.6702,-3.0559,-Inf,-Inf,-3.8951,-3.9337,-3.0821,-Inf,-2.9593,-4.5571,-4.3279,-Inf,-2.7649,-3.0432,-Inf,-2.3912,-2.6547,-4.0249,-2.4886,-3.9755,-1.7084,-4.1717,-4.6127,-2.0252,-3.4841,-1.8724,-Inf,-1.6984,-3.9164,-4.6503,-2.7584,-3.7272,-2.2341,-2.7822,-4.2449,-Inf,-2.2346,-3.6028,-2.7993,-1.9141,-Inf,-Inf,-0.86575,-Inf,-2.856,-4.6153,-4.5779,-2.2401,-Inf,-Inf,-3.5145,-2.8019,-Inf,-2.6281,-Inf,-4.9811,-2.1347,-Inf,-Inf,-Inf,-2.5709,-4.4224,-4.6326,-Inf,-Inf,-4.0781,-3.5268,-Inf,-Inf,-Inf,-4.1668,-3.133,-Inf,-3.5533,-4.5132,-Inf,-Inf,-Inf,-Inf,-Inf,-3.0343,-3.8531,-2.5566,-2.6667,-3.4004,-4.2752,-Inf,-4.5698,-2.7144,-3.5738,-Inf,-3.4228,-2.2889,-4.0201,-4.4131,-3.1847,-Inf,-4.9018,-3.5949
-Inf,-Inf,-Inf,-Inf,-Inf,-Inf,-Inf,-Inf,-Inf,-Inf,-Inf,-Inf,-Inf,-Inf,-Inf,-Inf,-Inf,-Inf,-Inf,-Inf,-Inf,-4.958,-Inf,-Inf,-Inf,-Inf,-Inf,-Inf,-4.9966,-Inf,-Inf,-Inf,-Inf,-Inf,-Inf,-Inf,-Inf,-4.6735,-Inf,-Inf,-2.3039,-4.5119,-3.5735,-2.5533,-4.5812,-0.63943,-1.8258,-2.3318,-1.4074,-Inf,-3.2219,-0.28694,-0.92622,-2.7853,-0.9263,-4.7209,-3.5573,-2.0423,-2.3879,-3.1939,-3.841,-1.1511,-3.1331,-1.4629,-Inf,-4.2404,-0.74113,-0.79065,-2.2953,-Inf,-Inf,-1.3464,-2.2417,-2.9101,-1.0018,-1.9107,-3.2966,-4.3028,-3.3973,-Inf,-Inf,-3.7496,-4.0879,-2.5392,-3.4004,-2.6667,-3.5809,-4.9762,-1.4997,-1.7186,-2.0045,-Inf,-2.0186,-2.2722,-1.0284,-1.623,-0.6369,-3.6991,-3.1739,-0.55131
-Inf,-Inf,-Inf,-Inf,-Inf,-Inf,-Inf,-Inf,-Inf,-Inf,-Inf,-Inf,-Inf,-Inf,-Inf,-Inf,-Inf,-Inf,-Inf,-Inf,-Inf,-Inf,-Inf,-Inf,-Inf,-Inf,-Inf,-Inf,-Inf,-Inf,-Inf,-Inf,-Inf,-Inf,-Inf,-Inf,-Inf,-Inf,-Inf,-Inf,-4.8204,-3.3646,-1.7027,-3.7001,-2.787,-3.1775,-2.6464,-1.9107,-2.849,-Inf,-1.9618,-3.866,-2.838,-1.9722,-3.0198,-2.1233,-0.98957,-2.3741,-4.272,-1.8329,-3.5068,-4.1541,-Inf,-3.2653,-2.3237,-2.3299,-3.5055,-2.8352,-Inf,-4.7891,-3.2001,-2.6991,-1.4613,-2.0752,-4.5592,-2.3824,-2.5274,-2.5244,-1.9984,-3.4594,-Inf,-Inf,-Inf,-1.756,-4.2752,-3.5809,-2.6667,-1.7109,-3.0734,-2.1123,-Inf,-2.7048,-1.5654,-Inf,-2.944,-2.6399,-2.9567,-2.0605,-1.2882,-3.1207
-Inf,-Inf,-Inf,-Inf,-Inf,-Inf,-Inf,-Inf,-Inf,-Inf,-Inf,-Inf,-Inf,-Inf,-Inf,-Inf,-Inf,-Inf,-Inf,-Inf,-Inf,-Inf,-Inf,-Inf,-Inf,-Inf,-Inf,-Inf,-Inf,-Inf,-Inf,-Inf,-Inf,-Inf,-Inf,-Inf,-Inf,-Inf,-Inf,-Inf,-Inf,-2.8062,-1.7418,-Inf,-2.0236,-4.6919,-3.5642,-2.7995,-4.4886,-Inf,-2.2181,-Inf,-4.3766,-2.5353,-4.5842,-1.0198,-1.4303,-4.0704,-4.9556,-2.1462,-3.3857,-Inf,-Inf,-4.2424,-0.83645,-1.7464,-4.708,-4.1875,-Inf,-3.4292,-1.5121,-3.8238,-3.1017,-2.5233,-Inf,-3.3316,-2.6546,-1.9212,-2.1137,-2.3878,-Inf,-Inf,-Inf,-3.4667,-Inf,-4.9762,-1.7109,-2.6667,-4.0554,-3.7408,-Inf,-1.1125,-3.0793,-Inf,-4.134,-3.6545,-4.4014,-1.9269,-1.8742,-4.4532
-Inf,-Inf,-Inf,-Inf,-Inf,-Inf,-Inf,-Inf,-Inf,-Inf,-Inf,-Inf,-Inf,-Inf,-Inf,-Inf,-Inf,-Inf,-Inf,-Inf,-Inf,-Inf,-Inf,-Inf,-Inf,-Inf,-Inf,-Inf,-Inf,-Inf,-Inf,-Inf,-Inf,-Inf,-Inf,-Inf,-Inf,-Inf,-Inf,-Inf,-3.7782,-3.053,-2.4124,-3.7059,-3.2254,-1.7779,-0.4931,-1.263,-2.3353,-Inf,-1.9752,-1.6413,-1.7682,-1.5647,-1.9558,-3.5629,-2.6522,-2.6864,-1.3381,-1.9919,-2.343,-2.642,-4.4012,-0.19353,-4.0535,-2.9514,-0.84084,-1.0443,-2.0003,-Inf,-Inf,-0.47204,-2.2368,-1.6379,-2.3238,-0.7295,-1.8948,-2.9734,-2.1389,-3.9317,-Inf,-Inf,-Inf,-2.8465,-4.5698,-1.4997,-3.0734,-4.0554,-2.6667,-2.1092,-3.3714,-4.4147,-1.8278,-3.7696,-0.55409,-0.43371,-1.4017,-2.434,-2.1846,-1.0424
-Inf,-Inf,-Inf,-Inf,-Inf,-Inf,-Inf,-Inf,-Inf,-Inf,-Inf,-Inf,-Inf,-Inf,-Inf,-Inf,-4.9889,-Inf,-Inf,-Inf,-Inf,-4.4229,-Inf,-Inf,-4.6319,-Inf,-4.5835,-Inf,-4.4078,-Inf,-Inf,-4.8006,-Inf,-4.9372,-Inf,-Inf,-Inf,-4.6595,-Inf,-Inf,-2.7478,-4.2617,-2.8189,-1.9221,-4.0275,-1.1613,-2.0033,-1.8637,-0.74792,-Inf,-2.6773,-1.9954,-0.81572,-2.3261,-0.94294,-3.802,-2.474,-0.61044,-3.4299,-2.5858,-3.9099,-2.0513,-4.5492,-2.2363,-4.164,-3.5904,-2.0016,-1.2281,-3.7871,-Inf,-Inf,-1.6439,-0.65101,-2.492,-2.5883,-1.8516,-3.0367,-3.7238,-2.8321,-4.8019,-Inf,-4.4432,-Inf,-0.83306,-2.7144,-1.7186,-2.1123,-3.7408,-2.1092,-2.6667,-3.3819,-4.5678,-0.74526,-2.9494,-1.6413,-1.8284,-1.1064,-3.0869,-2.2778,-1.4648
-Inf,-Inf,-Inf,-Inf,-Inf,-Inf,-Inf,-4.9275,-Inf,-4.6044,-Inf,-Inf,-Inf,-4.8548,-4.9176,-Inf,-4.3706,-Inf,-4.9743,-Inf,-4.5845,-4.6099,-Inf,-Inf,-Inf,-Inf,-4.8163,-Inf,-4.7059,-Inf,-Inf,-Inf,-Inf,-Inf,-Inf,-Inf,-Inf,-3.767,-Inf,-Inf,-1.6908,-Inf,-Inf,-3.0066,-Inf,-2.2732,-3.777,-4.3352,-2.7336,-4.6804,-Inf,-1.7711,-2.6118,-4.7816,-2.442,-Inf,-Inf,-3.4041,-3.7571,-Inf,-Inf,-1.3723,-1.1692,-3.27,-Inf,-Inf,-2.5307,-2.7878,-3.0134,-Inf,-Inf,-3.3271,-4.0124,-4.8999,-1.0483,-3.8955,-Inf,-Inf,-Inf,-Inf,-Inf,-2.1971,-2.2485,-4.064,-3.5738,-2.0045,-Inf,-Inf,-3.3714,-3.3819,-2.6667,-Inf,-3.8993,-1.3503,-2.9975,-3.5895,-2.5431,-Inf,-Inf,-2.5545
-Inf,-Inf,-Inf,-Inf,-Inf,-Inf,-Inf,-Inf,-Inf,-Inf,-Inf,-Inf,-Inf,-Inf,-Inf,-Inf,-Inf,-Inf,-Inf,-Inf,-Inf,-Inf,-Inf,-Inf,-Inf,-Inf,-Inf,-Inf,-Inf,-Inf,-Inf,-Inf,-Inf,-Inf,-Inf,-Inf,-Inf,-Inf,-Inf,-Inf,-Inf,-2.3097,-2.0133,-Inf,-1.5556,-Inf,-3.9293,-3.25,-Inf,-Inf,-2.4404,-Inf,-Inf,-2.8545,-Inf,-0.85361,-2.0978,-4.9758,-Inf,-2.426,-3.1095,-Inf,-Inf,-4.584,-0.40403,-1.5529,-Inf,-4.7807,-Inf,-2.3478,-0.60943,-4.2921,-3.9638,-2.7781,-Inf,-3.7417,-2.6776,-1.6321,-2.2819,-1.556,-4.7371,-Inf,-Inf,-4.4255,-Inf,-Inf,-2.7048,-1.1125,-4.4147,-4.5678,-Inf,-2.6667,-3.8502,-Inf,-4.6213,-4.0694,-Inf,-1.9994,-2.4007,-Inf
-Inf,-Inf,-Inf,-Inf,-Inf,-Inf,-Inf,-Inf,-Inf,-Inf,-Inf,-Inf,-Inf,-Inf,-Inf,-Inf,-Inf,-Inf,-Inf,-Inf,-Inf,-Inf,-Inf,-Inf,-Inf,-Inf,-Inf,-Inf,-Inf,-Inf,-Inf,-Inf,-Inf,-Inf,-Inf,-Inf,-Inf,-Inf,-Inf,-Inf,-3.4553,-3.55,-2.0741,-2.6563,-3.286,-1.6276,-1.5629,-1.2028,-1.461,-Inf,-1.9515,-2.3047,-1.3005,-1.6286,-1.5049,-3.0685,-1.7525,-1.2882,-3.1576,-1.8537,-3.2692,-2.6448,-Inf,-1.9967,-3.4463,-2.8462,-2.0296,-1.2987,-3.7341,-Inf,-4.4271,-1.3689,-0.42561,-1.7947,-2.9939,-1.3469,-2.35,-2.9823,-2.1004,-4.0595,-Inf,-Inf,-Inf,-1.1112,-3.4228,-2.0186,-1.5654,-3.0793,-1.8278,-0.74526,-3.8993,-3.8502,-2.6667,-3.629,-1.517,-1.4454,-1.3915,-2.3475,-1.5329,-1.5847
-Inf,-Inf,-Inf,-4.8834,-Inf,-Inf,-Inf,-3.7387,-Inf,-3.4391,-Inf,-Inf,-Inf,-3.6157,-3.7224,-Inf,-3.1244,-4.4274,-4.0152,-4.224,-3.7033,-3.2671,-Inf,-Inf,-3.959,-4.607,-3.4738,-Inf,-3.3593,-4.4738,-Inf,-Inf,-4.9118,-3.8385,-4.9467,-Inf,-Inf,-2.5542,-Inf,-4.4405,-0.37752,-Inf,-Inf,-1.8825,-Inf,-2.147,-4.0537,-4.4079,-2.2031,-4.2465,-Inf,-2.187,-2.385,-4.8943,-2.1548,-Inf,-Inf,-2.7327,-4.5358,-Inf,-Inf,-1.1311,-2.1413,-3.7337,-Inf,-Inf,-2.9925,-2.8832,-4.0486,-Inf,-Inf,-3.5553,-3.5957,-Inf,-1.7751,-4.0873,-Inf,-Inf,-Inf,-Inf,-Inf,-1.5317,-2.0793,-3.4175,-2.2889,-2.2722,-Inf,-Inf,-3.7696,-2.9494,-1.3503,-Inf,-3.629,-2.6667,-3.2673,-3.8408,-2.5332,-Inf,-Inf,-2.7567
-Inf,-Inf,-Inf,-Inf,-Inf,-Inf,-Inf,-Inf,-Inf,-Inf,-Inf,-Inf,-Inf,-Inf,-Inf,-Inf,-Inf,-Inf,-Inf,-Inf,-Inf,-Inf,-Inf,-Inf,-Inf,-Inf,-Inf,-Inf,-Inf,-Inf,-Inf,-Inf,-Inf,-Inf,-Inf,-Inf,-Inf,-Inf,-Inf,-Inf,-3.2537,-3.4847,-2.6104,-3.1554,-3.564,-1.2273,-0.79753,-1.3725,-1.7914,-Inf,-2.226,-1.2273,-1.2184,-1.7906,-1.402,-3.7693,-2.7043,-2.1885,-1.7986,-2.2115,-2.8398,-2.1362,-4.0853,-0.62078,-4.2411,-3.2397,-0.57664,-0.49351,-2.2196,-Inf,-Inf,-0.33172,-1.8861,-1.9034,-1.9568,-0.89891,-2.2692,-3.2911,-2.3998,-4.3024,-Inf,-4.7665,-Inf,-2.4282,-4.0201,-1.0284,-2.944,-4.134,-0.55409,-1.6413,-2.9975,-4.6213,-1.517,-3.2673,-2.6667,-0.59603,-0.84765,-2.7022,-2.2737,-0.51142
-Inf,-Inf,-Inf,-Inf,-Inf,-Inf,-Inf,-Inf,-Inf,-Inf,-Inf,-Inf,-Inf,-Inf,-Inf,-Inf,-Inf,-Inf,-Inf,-Inf,-Inf,-Inf,-Inf,-Inf,-Inf,-Inf,-Inf,-Inf,-Inf,-Inf,-Inf,-Inf,-Inf,-Inf,-Inf,-Inf,-Inf,-Inf,-Inf,-Inf,-3.8066,-2.8961,-2.0566,-3.5593,-2.9703,-1.7432,-0.21608,-0.85502,-2.1765,-Inf,-1.6488,-1.8215,-1.6486,-1.2187,-1.8639,-3.2158,-2.2394,-2.429,-1.7176,-1.6458,-2.2907,-2.7115,-4.6653,-0.62652,-3.6976,-2.6552,-1.1026,-0.975,-2.4339,-Inf,-4.6789,-0.28562,-1.8654,-1.3196,-2.5455,-0.32899,-1.6737,-2.7003,-1.8204,-3.7065,-Inf,-Inf,-Inf,-2.5082,-4.4131,-1.623,-2.6399,-3.6545,-0.43371,-1.8284,-3.5895,-4.0694,-1.4454,-3.8408,-0.59603,-2.6667,-1.3454,-2.1218,-1.7803,-1.0904
-Inf,-Inf,-Inf,-Inf,-Inf,-Inf,-Inf,-Inf,-Inf,-Inf,-Inf,-Inf,-Inf,-Inf,-Inf,-Inf,-Inf,-Inf,-Inf,-Inf,-Inf,-4.831,-Inf,-Inf,-Inf,-Inf,-Inf,-Inf,-4.8503,-Inf,-Inf,-Inf,-Inf,-Inf,-Inf,-Inf,-Inf,-4.7354,-Inf,-Inf,-2.4703,-4.2076,-3.0962,-2.319,-4.1807,-0.39842,-1.5615,-1.8834,-0.98702,-Inf,-2.7936,-0.92343,-0.40788,-2.3653,-0.55757,-4.2192,-2.9999,-1.5145,-2.5708,-2.7463,-3.6361,-1.4244,-3.6991,-1.4493,-4.654,-3.8058,-0.96558,-0.37186,-2.7347,-Inf,-Inf,-1.0645,-1.6051,-2.5082,-1.6034,-1.5613,-2.9602,-3.8902,-2.9684,-4.9445,-Inf,-4.0599,-4.4934,-1.9379,-3.1847,-0.6369,-2.9567,-4.4014,-1.4017,-1.1064,-2.5431,-Inf,-1.3915,-2.5332,-0.84765,-1.3454,-2.6667,-3.2644,-2.6504,-0.42666
-Inf,-Inf,-Inf,-Inf,-Inf,-Inf,-Inf,-Inf,-Inf,-Inf,-Inf,-Inf,-Inf,-Inf,-Inf,-Inf,-Inf,-Inf,-Inf,-Inf,-Inf,-Inf,-Inf,-Inf,-Inf,-Inf,-Inf,-Inf,-Inf,-Inf,-Inf,-Inf,-Inf,-Inf,-Inf,-Inf,-Inf,-Inf,-Inf,-Inf,-Inf,-1.3185,-0.35858,-Inf,-0.94274,-3.6386,-1.9601,-1.3815,-3.7528,-Inf,-0.4773,-3.9247,-3.4096,-0.91403,-3.6441,-1.1647,-1.0754,-3.6273,-3.0935,-0.52079,-1.5372,-4.6885,-Inf,-2.5961,-1.6673,-0.54239,-3.2221,-2.9454,-4.1751,-3.1763,-2.6018,-2.3707,-2.6298,-0.80276,-4.6586,-1.8038,-0.73178,-0.64025,-0.30244,-1.7189,-Inf,-Inf,-Inf,-3.2745,-Inf,-3.6991,-2.0605,-1.9269,-2.434,-3.0869,-Inf,-1.9994,-2.3475,-Inf,-2.7022,-2.1218,-3.2644,-2.6667,-0.88557,-3.1481
-Inf,-Inf,-Inf,-Inf,-Inf,-Inf,-Inf,-Inf,-Inf,-Inf,-Inf,-Inf,-Inf,-Inf,-Inf,-Inf,-Inf,-Inf,-Inf,-Inf,-Inf,-Inf,-Inf,-Inf,-Inf,-Inf,-Inf,-Inf,-Inf,-Inf,-Inf,-Inf,-Inf,-Inf,-Inf,-Inf,-Inf,-Inf,-Inf,-Inf,-4.9566,-2.193,-0.55886,-4.1724,-1.7858,-2.9901,-1.6961,-0.92538,-2.9833,-Inf,-0.67584,-3.4308,-2.7171,-0.74687,-2.9455,-1.5738,-0.48104,-2.7842,-3.185,-0.54611,-2.224,-4.0479,-Inf,-2.3735,-2.0048,-1.3301,-2.8431,-2.3854,-4.1315,-3.9892,-3.0015,-1.9564,-1.7688,-0.81259,-4.1702,-1.4582,-1.2397,-1.4852,-0.73616,-2.5484,-Inf,-Inf,-Inf,-2.395,-4.9018,-3.1739,-1.2882,-1.8742,-2.1846,-2.2778,-Inf,-2.4007,-1.5329,-Inf,-2.2737,-1.7803,-2.6504,-0.88557,-2.6667,-2.6327
-Inf,-Inf,-Inf,-Inf,-Inf,-Inf,-Inf,-Inf,-Inf,-Inf,-Inf,-Inf,-Inf,-Inf,-Inf,-Inf,-Inf,-Inf,-Inf,-Inf,-Inf,-Inf,-Inf,-Inf,-Inf,-Inf,-Inf,-Inf,-Inf,-Inf,-Inf,-Inf,-Inf,-Inf,-Inf,-Inf,-Inf,-Inf,-Inf,-Inf,-2.7435,-3.9865,-3.0233,-2.7298,-4.034,-0.74994,-1.3,-1.7809,-1.4133,-Inf,-2.671,-0.79813,-0.83442,-2.2345,-0.96958,-4.1728,-3.028,-1.9243,-2.1489,-2.6426,-3.3512,-1.6258,-3.675,-1.0586,-4.6298,-3.6896,-0.54708,-0.28651,-2.3305,-Inf,-Inf,-0.80763,-1.8745,-2.3609,-1.5377,-1.3652,-2.7597,-3.7539,-2.8465,-4.7825,-Inf,-4.2601,-4.6276,-2.2953,-3.5949,-0.55131,-3.1207,-4.4532,-1.0424,-1.4648,-2.5545,-Inf,-1.5847,-2.7567,-0.51142,-1.0904,-0.42666,-3.1481,-2.6327,-2.6667
